date,nav
2013-01-02,88.5
2013-01-03,88.78
2013-01-04,88.87
2013-01-07,88.91
2013-01-08,89.04
2013-01-09,88.87
2013-01-10,88.65
2013-01-11,88.25
2013-01-14,89.11
2013-01-15,89.56
2013-01-16,88.88
2013-01-17,89.28
2013-01-18,89.05
2013-01-21,89.22
2013-01-22,88.8553
2013-01-23,88.7419
2013-01-24,88.1211
2013-01-25,88.809
2013-01-28,88.7745
2013-01-29,88.6339
2013-01-30,88.5789
2013-01-31,88.6022
2013-02-01,88.2175
2013-02-04,87.9281
2013-02-05,87.5641
2013-02-06,87.6564
2013-02-07,87.5665
2013-02-08,87.246
2013-02-11,87.1534
2013-02-12,87.2917
2013-02-13,87.246
2013-02-14,86.5846
2013-02-15,86.5429
2013-02-18,86.5358
2013-02-19,86.9783
2013-02-20,86.9633
2013-02-21,85.9532
2013-02-22,85.9402
2013-02-25,85.9745
2013-02-26,85.0783
2013-02-27,85.5006
2013-02-28,84.3178
2013-03-01,84.6402
2013-03-04,84.3632
2013-03-05,85.2482
2013-03-06,85.7537
2013-03-07,86.1694
2013-03-08,86.8205
2013-03-11,86.8126
2013-03-12,86.5406
2013-03-13,86.0596
2013-03-14,86.4668
2013-03-15,86.1598
2013-03-18,85.8636
2013-03-19,84.9673
2013-03-20,84.1715
2013-03-21,84.0037
2013-03-22,83.8609
2013-03-25,83.7671
2013-03-26,84.0222
2013-03-28,84.4365
2013-04-01,84.6027
2013-04-02,85.3197
2013-04-03,84.6516
2013-04-04,83.6387
2013-04-05,83.2837
2013-04-08,83.1977
2013-04-09,82.7023
2013-04-10,83.2157
2013-04-11,83.2878
2013-04-12,82.8361
2013-04-15,83.028
2013-04-16,84.0843
2013-04-17,84.1395
2013-04-18,84.7756
2013-04-22,85.1904
2013-04-23,85.1733
2013-04-25,85.8744
2013-04-26,85.5059
2013-04-29,85.9441
2013-04-30,86.4292
2013-05-02,87.0082
2013-05-03,86.5624
2013-05-06,86.9831
2013-05-07,87.6035
2013-05-08,87.594
2013-05-09,87.4854
2013-05-10,87.869
2013-05-13,86.9911
2013-05-14,87.1305
2013-05-15,88.2517
2013-05-16,88.253
2013-05-17,88.4668
2013-05-20,88.0814
2013-05-21,87.6116
2013-05-22,87.505
2013-05-23,86.1222
2013-05-24,86.4372
2013-05-27,87.1353
2013-05-28,87.5731
2013-05-29,87.2825
2013-05-30,87.4178
2013-05-31,86.5207
2013-06-03,86.3221
2013-06-04,86.3441
2013-06-05,86.2728
2013-06-06,86.3362
2013-06-07,86.0425
2013-06-10,85.7743
2013-06-11,84.6989
2013-06-12,84.3237
2013-06-13,83.7798
2013-06-14,84.586
2013-06-17,84.915
2013-06-18,84.6524
2013-06-19,84.8961
2013-06-20,83.5116
2013-06-21,83.3895
2013-06-24,82.1416
2013-06-25,82.131
2013-06-26,82.0982
2013-06-27,82.6046
2013-06-28,84.2032
2013-07-01,84.933
2013-07-02,84.6468
2013-07-03,83.5225
2013-07-04,83.9981
2013-07-05,84.179
2013-07-08,83.6704
2013-07-09,84.0948
2013-07-10,83.9578
2013-07-11,84.7938
2013-07-12,85.3735
2013-07-15,85.7949
2013-07-16,84.6939
2013-07-17,84.5408
2013-07-18,85.1976
2013-07-19,85.3247
2013-07-22,85.1927
2013-07-23,85.3533
2013-07-24,84.4361
2013-07-25,83.7216
2013-07-26,83.697
2013-07-29,83.2923
2013-07-30,82.5382
2013-07-31,82.4859
2013-08-01,82.2612
2013-08-02,81.8146
2013-08-05,81.932
2013-08-06,80.6254
2013-08-07,80.8397
2013-08-08,81.3281
2013-08-12,81.8368
2013-08-13,82.5565
2013-08-14,82.7957
2013-08-16,80.9409
2013-08-19,79.8055
2013-08-20,79.8232
2013-08-21,79.1369
2013-08-22,80.0344
2013-08-23,80.5682
2013-08-26,80.727
2013-08-27,79.1225
2013-08-28,78.8085
2013-08-29,79.9821
2013-08-30,80.5155
2013-09-02,81.3385
2013-09-03,79.5635
2013-09-04,80.6235
2013-09-05,81.8262
2013-09-06,82.5983
2013-09-10,84.0985
2013-09-11,84.5305
2013-09-12,83.9803
2013-09-13,83.9775
2013-09-16,83.8963
2013-09-17,84.1929
2013-09-18,84.5947
2013-09-19,86.5055
2013-09-20,85.5668
2013-09-23,84.5443
2013-09-24,84.4144
2013-09-25,84.5447
2013-09-26,84.7653
2013-09-27,84.4897
2013-09-30,83.6805
2013-10-01,84.0705
2013-10-03,85.2929
2013-10-04,85.328
2013-10-07,85.5749
2013-10-08,85.9284
2013-10-09,86.4643
2013-10-10,86.9204
2013-10-11,87.3394
2013-10-14,87.6865
2013-10-15,87.4097
2013-10-17,87.1504
2013-10-18,88.3188
2013-10-21,88.6611
2013-10-22,88.8437
2013-10-23,88.3601
2013-10-24,88.2547
2013-10-25,88.1308
2013-10-28,87.7342
2013-10-29,88.8975
2013-10-30,89.1703
2013-10-31,89.7853
2013-11-01,90.2655
2013-11-05,90.1421
2013-11-06,89.8562
2013-11-07,89.5489
2013-11-08,89.2955
2013-11-11,88.8833
2013-11-12,88.4734
2013-11-13,88.1638
2013-11-14,88.9092
2013-11-18,90.0383
2013-11-19,90.1689
2013-11-20,89.8505
2013-11-21,88.9849
2013-11-22,89.0562
2013-11-25,89.937
2013-11-26,89.4015
2013-11-27,89.4099
2013-11-28,89.7423
2013-11-29,90.5085
2013-12-02,91.0854
2013-12-03,90.9009
2013-12-04,90.6648
2013-12-05,91.1631
2013-12-06,91.4021
2013-12-09,92.2496
2013-12-10,91.7931
2013-12-11,91.7907
2013-12-12,91.3413
2013-12-13,90.7616
2013-12-16,90.8157
2013-12-17,90.9153
2013-12-18,91.7077
2013-12-19,91.3134
2013-12-20,92.4996
2013-12-23,92.9798
2013-12-24,93.0071
2013-12-26,93.3837
2013-12-27,93.7152
2013-12-30,93.5356
2013-12-31,93.7197
2014-01-01,93.7574
2014-01-02,92.8817
2014-01-03,92.8738
2014-01-06,92.8154
2014-01-07,92.6199
2014-01-08,92.7806
2014-01-09,92.4939
2014-01-10,92.459
2014-01-13,93.2004
2014-01-14,93.0349
2014-01-15,93.4696
2014-01-16,93.3296
2014-01-17,92.5476
2014-01-20,93.1366
2014-01-21,93.2513
2014-01-22,93.4871
2014-01-23,93.4421
2014-01-24,92.6565
2014-01-27,91.4639
2014-01-28,91.2849
2014-01-29,91.1812
2014-01-30,90.6405
2014-01-31,91.4747
2014-02-03,90.7941
2014-02-04,90.81
2014-02-05,91.0663
2014-02-06,91.2206
2014-02-07,91.5937
2014-02-10,91.5024
2014-02-11,91.537
2014-02-12,91.6387
2014-02-13,90.8579
2014-02-14,91.1066
2014-02-17,91.3054
2014-02-18,91.7399
2014-02-19,92.1214
2014-02-20,91.5925
2014-02-21,92.3014
2014-02-24,92.3743
2014-02-25,92.4616
2014-02-26,92.7183
2014-02-28,92.9304
2014-03-03,92.4219
2014-03-04,93.2132
2014-03-05,93.6284
2014-03-06,94.6484
2014-03-07,95.4085
2014-03-10,95.6695
2014-03-11,95.3042
2014-03-12,95.3455
2014-03-13,95.0334
2014-03-14,95.0796
2014-03-18,95.4427
2014-03-19,95.6198
2014-03-20,95.4612
2014-03-21,95.857
2014-03-24,96.5919
2014-03-25,96.6214
2014-03-26,96.7
2014-03-27,97.0409
2014-03-28,98.0478
2014-03-31,98.2964
2014-04-01,98.4913
2014-04-02,98.935
2014-04-03,98.5948
2014-04-04,98.1398
2014-04-07,98.2446
2014-04-09,99.3371
2014-04-10,99.6077
2014-04-11,99.7756
2014-04-15,99.5767
2014-04-16,98.975
2014-04-17,100.043
2014-04-21,100.5248
2014-04-22,100.3441
2014-04-23,100.4175
2014-04-25,100.1333
2014-04-28,99.8525
2014-04-29,99.626
2014-04-30,99.1747
2014-05-02,99.2843
2014-05-05,99.3503
2014-05-06,99.4069
2014-05-07,99.1968
2014-05-08,99.3889
2014-05-09,100.7787
2014-05-12,101.9381
2014-05-13,102.7346
2014-05-14,103.1072
2014-05-15,102.9201
2014-05-16,104.1104
2014-05-19,105.4938
2014-05-20,106.2472
2014-05-21,106.3469
2014-05-22,107.4113
2014-05-23,108.8102
2014-05-26,108.5219
2014-05-27,108.0826
2014-05-28,108.3428
2014-05-29,107.7366
2014-05-30,108.1424
2014-06-02,109.1461
2014-06-03,109.6915
2014-06-04,110.3277
2014-06-05,111.2199
2014-06-06,112.2349
2014-06-09,113.1584
2014-06-10,112.9698
2014-06-11,112.7529
2014-06-12,112.913
2014-06-13,111.7068
2014-06-16,111.5701
2014-06-17,112.3874
2014-06-18,111.9216
2014-06-19,111.5813
2014-06-20,111.2488
2014-06-23,111.5857
2014-06-24,112.2585
2014-06-25,112.2639
2014-06-26,112.0495
2014-06-27,112.6054
2014-06-30,113.6934
2014-07-01,113.7934
2014-07-02,114.8593
2014-07-03,114.7729
2014-07-04,115.0743
2014-07-07,115.4573
2014-07-08,113.1471
2014-07-09,112.4932
2014-07-10,112.4191
2014-07-11,111.1327
2014-07-14,111.0158
2014-07-15,111.8523
2014-07-16,112.7252
2014-07-17,113.2081
2014-07-18,113.5383
2014-07-21,113.7914
2014-07-22,114.2889
2014-07-23,114.5826
2014-07-24,114.7552
2014-07-25,114.0094
2014-07-28,113.4552
2014-07-30,114.0925
2014-07-31,113.7572
2014-08-01,112.7567
2014-08-04,113.5205
2014-08-05,114.1543
2014-08-06,113.5821
2014-08-07,113.3844
2014-08-08,112.3524
2014-08-11,112.7719
2014-08-12,113.3722
2014-08-13,113.1071
2014-08-14,113.742
2014-08-18,114.6676
2014-08-19,115.2936
2014-08-20,115.6451
2014-08-21,115.8778
2014-08-22,116.1825
2014-08-25,116.0319
2014-08-26,116.153
2014-08-27,116.4359
2014-08-28,116.4538
2014-09-01,117.6353
2014-09-02,118.3394
2014-09-03,119.1419
2014-09-04,119.101
2014-09-05,119.4802
2014-09-08,120.4184
2014-09-09,120.5971
2014-09-10,120.2148
2014-09-11,120.6065
2014-09-12,120.7806
2014-09-15,120.8185
2014-09-16,119.2345
2014-09-17,119.6056
2014-09-18,121.1366
2014-09-19,121.2396
2014-09-22,121.4235
2014-09-23,119.9308
2014-09-24,119.6174
2014-09-25,118.3494
2014-09-26,118.9997
2014-09-29,119.5903
2014-09-30,119.6944
2014-10-01,119.6759
2014-10-07,118.5043
2014-10-08,118.0462
2014-10-09,119.1293
2014-10-10,118.0675
2014-10-13,118.3468
2014-10-14,118.4329
2014-10-16,116.8116
2014-10-17,117.2879
2014-10-20,118.0181
2014-10-21,118.751
2014-10-22,119.5068
2014-10-27,119.605
2014-10-28,119.5269
2014-10-29,120.4848
2014-10-30,121.2961
2014-10-31,122.4842
2014-11-03,122.9115
2014-11-05,123.1175
2014-11-07,123.4621
2014-11-10,123.8251
2014-11-11,124.069
2014-11-12,124.2957
2014-11-13,124.1544
2014-11-14,124.6349
2014-11-17,125.3758
2014-11-18,125.5358
2014-11-19,125.2669
2014-11-20,125.564
2014-11-21,125.9261
2014-11-24,126.2227
2014-11-25,125.1401
2014-11-26,125.3365
2014-11-27,125.5536
2014-11-28,126.5176
2014-12-01,126.0496
2014-12-02,126.3522
2014-12-03,127.1029
2014-12-04,127.429
2014-12-05,126.943
2014-12-08,125.7996
2014-12-09,124.7353
2014-12-10,125.1521
2014-12-11,124.531
2014-12-12,123.7515
2014-12-15,123.3796
2014-12-16,121.2052
2014-12-17,120.9301
2014-12-18,122.6189
2014-12-19,123.4418
2014-12-22,124.0367
2014-12-23,123.5376
2014-12-24,122.8527
2014-12-26,123.2296
2014-12-29,124.0262
2014-12-30,124.3423
2014-12-31,124.8697
2015-01-01,124.9935
2015-01-02,126.0466
2015-01-05,125.9606
2015-01-06,123.365
2015-01-07,123.124
2015-01-08,124.3376
2015-01-09,124.752
2015-01-12,125.0893
2015-01-13,125.2158
2015-01-14,125.0833
2015-01-15,126.6988
2015-01-16,127.0541
2015-01-19,127.7888
2015-01-20,128.851
2015-01-21,129.0434
2015-01-22,129.4199
2015-01-23,129.9743
2015-01-27,130.5418
2015-01-28,130.5924
2015-01-29,130.8104
2015-01-30,129.6585
2015-02-02,129.6708
2015-02-03,129.492
2015-02-04,128.9847
2015-02-05,128.4616
2015-02-06,127.7492
2015-02-09,126.6417
2015-02-10,127.4314
2015-02-11,128.0249
2015-02-12,129.106
2015-02-13,130.2581
2015-02-16,130.1001
2015-02-18,130.6688
2015-02-19,130.7927
2015-02-20,130.4879
2015-02-23,129.6614
2015-02-24,129.6374
2015-02-25,129.625
2015-02-26,128.9076
2015-02-27,130.605
2015-03-02,131.5909
2015-03-03,132.1817
2015-03-04,131.265
2015-03-05,131.4045
2015-03-09,129.8691
2015-03-10,129.9484
2015-03-11,129.7321
2015-03-12,130.6689
2015-03-13,129.2693
2015-03-16,128.9781
2015-03-17,129.8242
2015-03-18,129.7621
2015-03-19,129.2897
2015-03-20,128.3746
2015-03-23,127.929
2015-03-24,127.7536
2015-03-25,127.67
2015-03-26,126.229
2015-03-27,126.3569
2015-03-30,127.8036
2015-03-31,128.1056
2015-04-01,129.1276
2015-04-06,129.8836
2015-04-07,130.0965
2015-04-08,130.6582
2015-04-09,130.7138
2015-04-10,130.8477
2015-04-13,131.4047
2015-04-15,130.9405
2015-04-16,130.4245
2015-04-17,129.2876
2015-04-20,127.7284
2015-04-21,127.3053
2015-04-22,127.3123
2015-04-23,127.133
2015-04-24,125.7417
2015-04-27,124.7149
2015-04-28,125.6594
2015-04-29,125.5561
2015-04-30,125.1938
2015-05-04,126.9776
2015-05-05,127.0205
2015-05-06,124.6481
2015-05-07,123.6448
2015-05-08,125.038
2015-05-11,126.2114
2015-05-12,124.3868
2015-05-13,125.3445
2015-05-14,125.4469
2015-05-15,125.8287
2015-05-18,126.8048
2015-05-19,126.8562
2015-05-20,127.2217
2015-05-21,127.2915
2015-05-22,127.3651
2015-05-25,126.8166
2015-05-26,126.4365
2015-05-27,126.6208
2015-05-28,126.5497
2015-05-29,127.8278
2015-06-01,127.9684
2015-06-02,125.9689
2015-06-03,124.5529
2015-06-04,124.5008
2015-06-05,124.5615
2015-06-08,123.5965
2015-06-09,123.5951
2015-06-10,124.654
2015-06-11,123.137
2015-06-12,123.2826
2015-06-15,123.3321
2015-06-16,123.7107
2015-06-17,124.3494
2015-06-18,125.3346
2015-06-19,125.9661
2015-06-22,127.2952
2015-06-23,127.3339
2015-06-24,126.9714
2015-06-25,127.2507
2015-06-26,127.3239
2015-06-29,126.3649
2015-06-30,127.0122
2015-07-01,127.9101
2015-07-02,128.253
2015-07-03,128.5745
2015-07-06,129.1454
2015-07-07,129.0649
2015-07-08,127.6683
2015-07-09,127.3652
2015-07-10,127.7848
2015-07-13,128.7849
2015-07-14,129.0399
2015-07-15,129.7255
2015-07-16,130.5423
2015-07-17,130.7448
2015-07-20,131.0548
2015-07-21,130.0478
2015-07-22,131.0919
2015-07-23,130.8865
2015-07-24,130.1639
2015-07-27,128.4145
2015-07-28,128.4164
2015-07-29,129.2039
2015-07-30,130.0279
2015-07-31,130.9677
2015-08-03,131.533
2015-08-04,131.6081
2015-08-05,132.356
2015-08-06,132.6587
2015-08-07,132.7667
2015-08-10,132.4572
2015-08-11,131.8933
2015-08-12,130.564
2015-08-13,130.7027
2015-08-14,132.6159
2015-08-17,132.1379
2015-08-18,132.4492
2015-08-19,132.8325
2015-08-20,131.3273
2015-08-21,130.5576
2015-08-24,124.0889
2015-08-25,125.2934
2015-08-26,124.498
2015-08-27,126.2206
2015-08-28,127.0073
2015-08-31,126.7079
2015-09-01,124.6871
2015-09-02,124.0665
2015-09-03,124.9622
2015-09-04,122.8868
2015-09-07,121.5011
2015-09-08,122.7768
2015-09-09,124.3771
2015-09-10,124.1286
2015-09-11,124.3482
2015-09-14,125.3124
2015-09-15,124.8508
2015-09-16,125.2149
2015-09-18,126.9878
2015-09-21,127.207
2015-09-22,125.6722
2015-09-23,126.2792
2015-09-24,126.6152
2015-09-28,126.2472
2015-09-29,126.2548
2015-09-30,127.4639
2015-10-01,127.594
2015-10-05,129.0244
2015-10-06,129.0168
2015-10-07,129.1199
2015-10-08,128.6926
2015-10-09,129.1223
2015-10-12,128.6568
2015-10-13,128.5517
2015-10-14,128.6245
2015-10-15,129.0465
2015-10-16,129.7764
2015-10-19,130.4703
2015-10-20,130.3683
2015-10-21,130.0556
2015-10-23,130.2472
2015-10-26,130.1824
2015-10-27,130.0636
2015-10-28,129.3889
2015-10-29,128.994
2015-10-30,128.3787
2015-11-02,128.5356
2015-11-03,128.7941
2015-11-04,128.4598
2015-11-05,127.6182
2015-11-06,127.1046
2015-11-09,126.9782
2015-11-10,125.6041
2015-11-13,125.5582
2015-11-16,126.3468
2015-11-17,126.5722
2015-11-18,125.5724
2015-11-19,126.8621
2015-11-20,127.0009
2015-11-23,127.0481
2015-11-24,126.7571
2015-11-26,127.0972
2015-11-27,127.6057
2015-11-30,127.7028
2015-12-01,127.8864
2015-12-02,127.5937
2015-12-03,126.9501
2015-12-04,126.1311
2015-12-07,126.0822
2015-12-08,125.0348
2015-12-09,123.8971
2015-12-10,124.5195
2015-12-11,123.6743
2015-12-14,123.9569
2015-12-15,124.4964
2015-12-16,125.0029
2015-12-17,126.5782
2015-12-18,125.8186
2015-12-21,126.6499
2015-12-22,126.2702
2015-12-23,127.0088
2015-12-24,127.263
2015-12-28,128.1198
2015-12-29,128.1256
2015-12-30,127.951
2015-12-31,128.367
2016-01-01,128.7086
2016-01-04,127.1872
2016-01-05,127.7332
2016-01-06,127.1425
2016-01-07,124.8706
2016-01-08,125.681
2016-01-11,125.127
2016-01-12,124.4136
2016-01-13,124.2003
2016-01-14,123.5027
2016-01-15,121.6653
2016-01-18,119.7136
2016-01-19,120.8421
2016-01-20,119.0974
2016-01-21,119.2375
2016-01-22,120.7126
2016-01-25,120.877
2016-01-27,121.007
2016-01-28,121.0015
2016-01-29,122.1556
2016-02-01,121.9572
2016-02-02,120.5964
2016-02-03,119.1138
2016-02-04,119.3788
2016-02-05,120.2025
2016-02-08,119.4537
2016-02-09,118.4292
2016-02-10,117.7838
2016-02-11,114.7465
2016-02-12,114.2707
2016-02-15,116.7994
2016-02-16,115.4438
2016-02-17,115.8649
2016-02-18,116.6869
2016-02-19,116.9344
2016-02-22,117.0975
2016-02-23,115.7493
2016-02-24,114.6242
2016-02-25,113.6634
2016-02-26,114.032
2016-02-29,113.6139
2016-03-01,116.4787
2016-03-02,118.2853
2016-03-03,119.497
2016-03-04,119.7828
2016-03-08,119.8776
2016-03-09,120.4471
2016-03-10,120.2586
2016-03-11,120.1817
2016-03-14,120.591
2016-03-15,120.1858
2016-03-16,120.4464
2016-03-17,120.7025
2016-03-18,121.6899
2016-03-21,122.6143
2016-03-22,122.9781
2016-03-23,123.247
2016-03-28,121.9323
2016-03-29,121.8977
2016-03-30,123.5406
2016-03-31,123.8319
2016-04-01,123.821
2016-04-04,124.475
2016-04-05,122.7518
2016-04-06,123.0953
2016-04-07,122.3535
2016-04-08,122.9508
2016-04-11,124.1895
2016-04-12,124.7097
2016-04-13,126.2286
2016-04-18,127.0517
2016-04-20,127.227
2016-04-21,127.1728
2016-04-22,127.2723
2016-04-25,126.921
2016-04-26,128.1208
2016-04-27,128.4683
2016-04-28,126.8261
2016-04-29,127.0476
2016-05-02,126.8815
2016-05-03,126.2798
2016-05-04,125.546
2016-05-05,125.6901
2016-05-06,125.8663
2016-05-09,127.3733
2016-05-10,127.4215
2016-05-11,127.4485
2016-05-12,128.1606
2016-05-13,127.5048
2016-05-16,127.9628
2016-05-17,128.1489
2016-05-18,128.3187
2016-05-19,127.4309
2016-05-20,126.7956
2016-05-23,126.7485
2016-05-24,126.962
2016-05-25,128.7752
2016-05-26,129.8048
2016-05-27,130.5967
2016-05-30,131.2688
2016-05-31,130.9801
2016-06-01,131.1552
2016-06-02,131.387
2016-06-03,131.3392
2016-06-06,131.478
2016-06-07,132.3718
2016-06-08,132.7829
2016-06-09,132.429
2016-06-10,132.1409
2016-06-13,131.5218
2016-06-14,131.576
2016-06-15,132.7635
2016-06-16,132.1149
2016-06-17,132.4037
2016-06-20,132.9657
2016-06-21,132.9984
2016-06-22,132.789
2016-06-23,133.3284
2016-06-24,131.8002
2016-06-27,132.9562
2016-06-28,133.4323
2016-06-29,134.5702
2016-06-30,135.5805
2016-07-01,136.1781
2016-07-04,136.9459
2016-07-05,136.4736
2016-07-07,136.632
2016-07-08,136.4172
2016-07-11,137.8553
2016-07-12,138.5395
2016-07-13,138.0849
2016-07-14,138.6625
2016-07-15,137.8387
2016-07-18,137.5918
2016-07-19,137.7707
2016-07-20,139.0044
2016-07-21,138.4266
2016-07-22,139.244
2016-07-25,140.5142
2016-07-26,139.8355
2016-07-27,140.1493
2016-07-28,140.9067
2016-07-29,140.8564
2016-08-01,140.772
2016-08-02,140.7899
2016-08-03,139.8439
2016-08-04,140.2113
2016-08-05,141.9566
2016-08-08,142.4568
2016-08-09,142.1465
2016-08-10,140.5428
2016-08-11,140.7306
2016-08-12,140.5876
2016-08-16,140.232
2016-08-17,140.4552
2016-08-18,141.2844
2016-08-19,141.3985
2016-08-22,140.9781
2016-08-23,141.0163
2016-08-24,141.7938
2016-08-25,141.329
2016-08-26,141.1557
2016-08-29,141.2616
2016-08-30,142.8351
2016-08-31,143.4958
2016-09-01,143.3853
2016-09-02,143.9214
2016-09-06,145.324
2016-09-07,145.456
2016-09-08,146.1021
2016-09-09,145.4279
2016-09-12,143.1723
2016-09-14,143.5383
2016-09-15,143.5752
2016-09-16,143.9757
2016-09-19,144.404
2016-09-20,144.4543
2016-09-21,144.4879
2016-09-22,145.7822
2016-09-23,145.5276
2016-09-26,144.5823
2016-09-27,144.6256
2016-09-28,145.4671
2016-09-29,142.6484
2016-09-30,143.988
2016-10-03,146.0481
2016-10-04,146.364
2016-10-05,146.532
2016-10-06,145.9538
2016-10-07,145.9442
2016-10-10,146.2754
2016-10-13,144.785
2016-10-14,145.303
2016-10-17,144.5933
2016-10-18,146.2873
2016-10-19,146.3773
2016-10-20,146.948
2016-10-21,147.0469
2016-10-24,147.3431
2016-10-25,147.4152
2016-10-26,146.5218
2016-10-27,146.1991
2016-10-28,146.6349
2016-11-01,146.8527
2016-11-02,145.4807
2016-11-03,144.3764
2016-11-04,143.0919
2016-11-07,144.1574
2016-11-08,144.4144
2016-11-09,143.5787
2016-11-10,145.0458
2016-11-11,142.4746
2016-11-15,139.6384
2016-11-16,139.3719
2016-11-17,139.2247
2016-11-18,139.0906
2016-11-21,137.2452
2016-11-22,138.025
2016-11-23,138.9546
2016-11-24,138.379
2016-11-25,140.4206
2016-11-28,140.4937
2016-11-29,140.8967
2016-11-30,141.8733
2016-12-01,141.471
2016-12-02,140.281
2016-12-05,140.9103
2016-12-06,141.0254
2016-12-07,140.2102
2016-12-08,141.4137
2016-12-09,141.9281
2016-12-12,140.9638
2016-12-13,141.1465
2016-12-14,140.5168
2016-12-15,140.1485
2016-12-16,139.9061
2016-12-19,139.6312
2016-12-20,139.1637
2016-12-21,139.0643
2016-12-22,137.9072
2016-12-23,138.0772
2016-12-26,136.5262
2016-12-27,138.1342
2016-12-28,138.4334
2016-12-29,139.3349
2016-12-30,140.4507
2017-01-02,140.87
2017-01-03,141.2871
2017-01-04,141.4599
2017-01-05,142.5277
2017-01-06,142.0217
2017-01-09,142.0603
2017-01-10,142.5395
2017-01-11,143.6798
2017-01-12,143.9523
2017-01-13,143.7358
2017-01-16,143.9822
2017-01-17,144.0717
2017-01-18,144.4428
2017-01-19,144.9965
2017-01-20,143.7879
2017-01-23,144.2168
2017-01-24,145.3646
2017-01-25,146.3865
2017-01-27,146.8875
2017-01-30,146.8617
2017-01-31,145.3152
2017-02-01,147.2031
2017-02-02,148.0913
2017-02-03,148.8146
2017-02-06,149.836
2017-02-07,149.7263
2017-02-08,149.7378
2017-02-09,149.8254
2017-02-10,149.8038
2017-02-13,149.5232
2017-02-14,149.5363
2017-02-15,148.4352
2017-02-16,149.671
2017-02-17,150.54
2017-02-20,151.3654
2017-02-21,151.5658
2017-02-22,150.8178
2017-02-23,150.7522
2017-02-27,150.4597
2017-02-28,150.5017
2017-03-01,151.0468
2017-03-02,149.7756
2017-03-03,150.497
2017-03-06,150.851
2017-03-07,150.7174
2017-03-08,150.3448
2017-03-09,150.4511
2017-03-10,150.2239
2017-03-14,151.8967
2017-03-15,152.1546
2017-03-16,153.047
2017-03-17,153.0685
2017-03-20,152.8561
2017-03-21,152.8165
2017-03-22,151.8663
2017-03-23,152.6434
2017-03-24,152.8379
2017-03-27,152.435
2017-03-28,153.1529
2017-03-29,153.7254
2017-03-30,154.14
2017-03-31,154.2654
2017-04-03,155.0168
2017-04-05,155.4634
2017-04-06,155.2032
2017-04-07,154.389
2017-04-10,154.6168
2017-04-11,155.3792
2017-04-12,155.2171
2017-04-13,155.0262
2017-04-17,155.2733
2017-04-18,155.0419
2017-04-19,155.2793
2017-04-20,155.9297
2017-04-21,155.765
2017-04-24,156.5561
2017-04-25,157.6383
2017-04-26,157.7652
2017-04-27,157.5796
2017-04-28,157.9023
2017-05-02,158.03
2017-05-03,157.5998
2017-05-04,158.7286
2017-05-05,158.1522
2017-05-08,158.8342
2017-05-09,159.016
2017-05-10,159.7213
2017-05-11,159.3959
2017-05-12,159.2255
2017-05-15,159.9977
2017-05-16,160.4673
2017-05-17,160.2978
2017-05-18,158.7735
2017-05-19,158.494
2017-05-22,157.7183
2017-05-23,156.6892
2017-05-24,155.8054
2017-05-25,157.7617
2017-05-26,159.0554
2017-05-29,158.1228
2017-05-30,158.91
2017-05-31,159.7009
2017-06-01,159.9795
2017-06-02,160.4171
2017-06-05,160.6515
2017-06-06,160.2857
2017-06-07,160.9211
2017-06-08,161.0587
2017-06-09,161.3438
2017-06-12,160.674
2017-06-13,160.6747
2017-06-14,160.7411
2017-06-15,160.8217
2017-06-16,160.9637
2017-06-19,161.1502
2017-06-20,161.3373
2017-06-21,161.1042
2017-06-22,160.8546
2017-06-23,160.191
2017-06-27,159.7186
2017-06-28,159.7938
2017-06-29,160.4301
2017-06-30,161.044
2017-07-03,162.3277
2017-07-04,162.1332
2017-07-05,162.8979
2017-07-06,163.1203
2017-07-07,162.93
2017-07-10,163.7765
2017-07-11,163.394
2017-07-12,164.0364
2017-07-13,164.8737
2017-07-14,164.7186
2017-07-17,165.0722
2017-07-18,164.3324
2017-07-19,165.2756
2017-07-20,165.243
2017-07-21,165.1953
2017-07-24,165.3863
2017-07-25,165.5534
2017-07-26,165.9799
2017-07-27,165.2755
2017-07-28,165.0249
2017-07-31,165.4146
2017-08-01,165.7405
2017-08-02,165.3706
2017-08-03,164.7642
2017-08-04,165.0245
2017-08-07,165.6001
2017-08-08,164.4724
2017-08-09,163.276
2017-08-10,161.5859
2017-08-11,161.0797
2017-08-14,162.9995
2017-08-16,164.1764
2017-08-17,164.4977
2017-08-18,163.7595
2017-08-21,162.6144
2017-08-22,162.5442
2017-08-23,163.4488
2017-08-24,163.7916
2017-08-28,164.7948
2017-08-29,163.7962
2017-08-30,164.6521
2017-08-31,164.7263
2017-09-01,166.1837
2017-09-04,165.9589
2017-09-05,166.297
2017-09-06,165.9531
2017-09-07,166.2334
2017-09-08,166.1541
2017-09-11,167.0361
2017-09-12,167.798
2017-09-13,167.4345
2017-09-14,167.8776
2017-09-15,168.0007
2017-09-18,168.5228
2017-09-19,168.809
2017-09-20,168.8131
2017-09-21,168.4356
2017-09-22,166.1809
2017-09-25,165.0507
2017-09-26,165.544
2017-09-27,163.8922
2017-09-28,164.7123
2017-09-29,165.5967
2017-10-03,166.3137
2017-10-04,166.4737
2017-10-05,166.6397
2017-10-06,167.6188
2017-10-09,167.7673
2017-10-10,167.8922
2017-10-11,167.2469
2017-10-12,168.2491
2017-10-13,168.6081
2017-10-16,169.6413
2017-10-17,169.7437
2017-10-18,169.2787
2017-10-23,168.9714
2017-10-24,169.4117
2017-10-25,170.348
2017-10-26,170.8376
2017-10-27,171.5879
2017-10-30,172.3937
2017-10-31,172.3495
2017-11-01,173.1039
2017-11-02,173.5658
2017-11-03,173.7947
2017-11-06,174.05
2017-11-07,172.8069
2017-11-08,172.324
2017-11-09,172.6185
2017-11-10,172.9985
2017-11-13,171.9933
2017-11-14,171.2691
2017-11-15,170.2303
2017-11-16,171.2719
2017-11-17,172.511
2017-11-20,173.1291
2017-11-21,173.7052
2017-11-22,173.7024
2017-11-23,174.0432
2017-11-24,174.4565
2017-11-27,174.933
2017-11-28,174.5974
2017-11-29,174.654
2017-11-30,173.6387
2017-12-01,172.2408
2017-12-04,172.2184
2017-12-05,171.7736
2017-12-06,170.6979
2017-12-07,172.2285
2017-12-08,173.5937
2017-12-11,174.0477
2017-12-12,172.8543
2017-12-13,172.1616
2017-12-14,172.4434
2017-12-15,173.6426
2017-12-18,174.2602
2017-12-19,175.4531
2017-12-20,175.7146
2017-12-21,176.0573
2017-12-22,176.6671
2017-12-26,177.2993
2017-12-27,177.298
2017-12-28,177.3768
2017-12-29,177.7996
2018-01-01,177.7352
2018-01-02,177.5375
2018-01-03,177.7096
2018-01-04,178.7107
2018-01-05,179.7624
2018-01-08,180.8896
2018-01-09,180.9035
2018-01-10,180.5472
2018-01-11,181.0199
2018-01-12,181.3819
2018-01-15,182.043
2018-01-16,180.5009
2018-01-17,181.5378
2018-01-18,180.5953
2018-01-19,181.3884
2018-01-22,181.8281
2018-01-23,183.0462
2018-01-24,182.5977
2018-01-25,182.1079
2018-01-29,181.2887
2018-01-30,180.7198
2018-01-31,179.745
2018-02-01,179.3229
2018-02-02,175.2353
2018-02-05,174.907
2018-02-06,172.8832
2018-02-07,173.7975
2018-02-08,175.6079
2018-02-09,174.7733
2018-02-12,175.7938
2018-02-14,175.7762
2018-02-15,175.3167
2018-02-16,174.1148
2018-02-19,172.6225
2018-02-20,172.4865
2018-02-21,172.2685
2018-02-22,171.7261
2018-02-23,173.8158
2018-02-26,174.9784
2018-02-27,174.5628
2018-02-28,173.8401
2018-03-01,173.5804
2018-03-05,172.5917
2018-03-06,171.1648
2018-03-07,169.8512
2018-03-08,170.3281
2018-03-09,170.1281
2018-03-12,171.7927
2018-03-13,172.3669
2018-03-14,172.2414
2018-03-15,172.4408
2018-03-16,170.772
2018-03-19,169.2269
2018-03-20,169.5519
2018-03-21,169.9
2018-03-22,169.1972
2018-03-23,167.5749
2018-03-26,168.5311
2018-03-27,169.7559
2018-03-28,169.0691
2018-04-02,170.9154
2018-04-03,171.9092
2018-04-04,170.6442
2018-04-05,172.8037
2018-04-06,173.3029
2018-04-09,173.4621
2018-04-10,173.3375
2018-04-11,173.0909
2018-04-12,173.1543
2018-04-13,173.4947
2018-04-16,173.7654
2018-04-17,174.2049
2018-04-18,173.979
2018-04-19,174.5814
2018-04-20,174.2966
2018-04-23,175.0352
2018-04-24,174.8827
2018-04-25,174.306
2018-04-26,174.3539
2018-04-27,175.3022
2018-04-30,176.2539
2018-05-02,175.077
2018-05-03,174.4833
2018-05-04,173.5283
2018-05-07,174.4803
2018-05-08,174.8789
2018-05-09,174.713
2018-05-10,173.5752
2018-05-11,174.0644
2018-05-14,173.6592
2018-05-15,173.0832
2018-05-16,172.6878
2018-05-17,172.36
2018-05-18,170.7003
2018-05-21,169.2214
2018-05-22,169.9183
2018-05-23,169.1983
2018-05-24,169.5883
2018-05-25,171.4253
2018-05-28,173.1664
2018-05-29,172.697
2018-05-30,172.6661
2018-05-31,173.2967
2018-06-01,172.067
2018-06-04,170.6431
2018-06-05,169.7129
2018-06-06,171.1162
2018-06-07,172.2419
2018-06-08,172.8997
2018-06-11,173.2337
2018-06-12,173.9263
2018-06-13,173.6491
2018-06-14,173.3097
2018-06-15,173.0378
2018-06-18,173.2243
2018-06-19,172.0162
2018-06-20,172.4541
2018-06-21,172.0013
2018-06-22,172.8364
2018-06-25,171.3606
2018-06-26,171.203
2018-06-27,169.988
2018-06-28,168.5391
2018-06-29,170.1279
2018-07-02,169.0859
2018-07-03,169.6556
2018-07-04,169.6315
2018-07-05,169.1285
2018-07-06,169.3877
2018-07-09,170.8222
2018-07-10,171.6696
2018-07-11,171.1509
2018-07-12,171.2742
2018-07-13,170.559
2018-07-16,168.4028
2018-07-17,170.1082
2018-07-18,169.2013
2018-07-19,168.7328
2018-07-20,169.2131
2018-07-23,170.4959
2018-07-24,172.2689
2018-07-25,172.2207
2018-07-26,172.8111
2018-07-27,174.3077
2018-07-30,175.1511
2018-07-31,175.2708
2018-08-01,175.1372
2018-08-02,174.6392
2018-08-03,175.7911
2018-08-06,175.9974
2018-08-07,175.7746
2018-08-08,175.9856
2018-08-09,176.2267
2018-08-10,175.5568
2018-08-13,174.89
2018-08-14,175.8297
2018-08-16,175.6486
2018-08-17,176.8692
2018-08-20,177.6318
2018-08-21,178.3471
2018-08-23,178.4175
2018-08-24,177.9161
2018-08-27,179.2517
2018-08-28,179.0371
2018-08-29,179.0241
2018-08-30,179.7182
2018-08-31,180.5081
2018-09-03,179.8295
2018-09-04,178.1444
2018-09-05,177.7842
2018-09-06,178.5604
2018-09-07,179.2556
2018-09-10,177.4099
2018-09-11,175.7263
2018-09-12,176.2027
2018-09-14,178.5422
2018-09-17,177.6836
2018-09-18,176.1486
2018-09-19,175.8398
2018-09-21,174.0127
2018-09-24,171.1097
2018-09-25,171.9763
2018-09-26,171.8493
2018-09-27,169.8276
2018-09-28,168.8113
2018-10-01,169.5925
2018-10-03,168.4728
2018-10-04,166.6492
2018-10-05,163.3639
2018-10-08,162.3042
2018-10-09,161.8342
2018-10-10,164.5311
2018-10-11,161.9898
2018-10-12,164.2426
2018-10-15,165.4043
2018-10-16,166.9282
2018-10-17,165.1119
2018-10-19,164.1543
2018-10-22,163.7972
2018-10-23,162.6352
2018-10-24,163.3787
2018-10-25,161.9741
2018-10-26,161.1136
2018-10-29,164.3986
2018-10-30,164.0886
2018-10-31,166.2896
2018-11-01,166.3682
2018-11-02,167.63
2018-11-05,166.8166
2018-11-06,166.638
2018-11-09,167.8888
2018-11-12,166.5307
2018-11-13,167.5406
2018-11-14,167.3677
2018-11-15,167.3301
2018-11-16,167.6137
2018-11-19,168.4476
2018-11-20,166.9273
2018-11-21,166.8455
2018-11-22,165.8698
2018-11-26,166.3357
2018-11-27,166.615
2018-11-28,166.3104
2018-11-29,167.525
2018-11-30,168.3859
2018-12-03,168.4076
2018-12-04,168.4335
2018-12-05,166.7394
2018-12-06,165.0424
2018-12-07,165.3305
2018-12-10,163.2633
2018-12-11,164.3801
2018-12-12,166.8474
2018-12-13,167.7182
2018-12-14,168.2844
2018-12-17,168.7894
2018-12-18,169.149
2018-12-19,170.3235
2018-12-20,170.2309
2018-12-21,168.0612
2018-12-24,167.3114
2018-12-26,167.5373
2018-12-27,167.7597
2018-12-28,168.9359
2018-12-31,169.1507
2019-01-01,169.4885
2019-01-02,168.4292
2019-01-03,167.1595
2019-01-04,167.958
2019-01-07,168.3727
2019-01-08,169.026
2019-01-09,169.5026
2019-01-10,169.4049
2019-01-11,169.3259
2019-01-14,169.3008
2019-01-15,170.4921
2019-01-16,170.6319
2019-01-17,170.4286
2019-01-18,169.4329
2019-01-21,169.2184
2019-01-22,168.7434
2019-01-23,167.9303
2019-01-24,168.0615
2019-01-25,167.292
2019-01-28,165.5657
2019-01-29,165.6493
2019-01-30,165.9649
2019-01-31,167.2099
2019-02-01,166.8745
2019-02-04,165.6718
2019-02-05,165.3403
2019-02-06,166.3428
2019-02-07,167.0383
2019-02-08,165.2693
2019-02-11,164.0665
2019-02-12,163.2804
2019-02-13,162.8603
2019-02-14,163.1678
2019-02-15,162.6008
2019-02-18,161.8194
2019-02-19,161.9462
2019-02-20,163.4199
2019-02-21,164.0308
2019-02-22,164.7966
2019-02-25,165.9417
2019-02-26,165.2955
2019-02-27,165.0863
2019-02-28,165.7019
2019-03-01,167.0774
2019-03-05,168.9129
2019-03-06,169.826
2019-03-07,169.5659
2019-03-08,169.3004
2019-03-11,171.178
2019-03-12,172.5572
2019-03-13,172.0525
2019-03-14,172.3709
2019-03-15,173.1616
2019-03-18,172.8939
2019-03-19,173.6244
2019-03-20,173.5876
2019-03-22,173.455
2019-03-25,172.1285
2019-03-26,172.8318
2019-03-27,172.8103
2019-03-28,174.2388
2019-03-29,175.3748
2019-04-01,175.9705
2019-04-02,176.5938
2019-04-03,175.2837
2019-04-04,175.1865
2019-04-05,175.9416
2019-04-08,175.3936
2019-04-09,176.0239
2019-04-10,175.4245
2019-04-11,175.3561
2019-04-12,175.998
2019-04-15,176.0398
2019-04-16,176.8158
2019-04-18,175.5375
2019-04-22,173.9319
2019-04-23,173.8226
2019-04-24,174.8985
2019-04-25,174.0637
2019-04-26,174.9229
2019-04-30,173.6012
2019-05-02,173.2009
2019-05-03,173.194
2019-05-06,172.447
2019-05-07,171.2946
2019-05-08,169.8965
2019-05-09,169.5611
2019-05-10,169.5595
2019-05-13,167.4287
2019-05-14,168.5486
2019-05-15,167.6562
2019-05-16,168.2799
2019-05-17,169.0125
2019-05-20,173.607
2019-05-21,172.1714
2019-05-22,173.0504
2019-05-23,172.4723
2019-05-24,175.2958
2019-05-27,177.1721
2019-05-28,177.053
2019-05-29,175.9769
2019-05-30,176.6147
2019-05-31,176.0234
2019-06-03,176.9982
2019-06-04,175.5816
2019-06-06,173.2377
2019-06-07,173.2375
2019-06-10,173.5861
2019-06-11,174.2772
2019-06-12,173.71
2019-06-13,173.6063
2019-06-14,172.7082
2019-06-17,171.2229
2019-06-18,171.6449
2019-06-19,171.4792
2019-06-20,173.3995
2019-06-21,172.5924
2019-06-24,172.4755
2019-06-25,173.6488
2019-06-26,174.386
2019-06-27,174.8494
2019-06-28,174.475
2019-07-01,175.136
2019-07-02,175.3528
2019-07-03,175.6367
2019-07-04,175.8365
2019-07-05,174.1338
2019-07-08,171.5939
2019-07-09,172.4548
2019-07-10,171.6834
2019-07-11,172.5793
2019-07-12,172.9243
2019-07-15,173.1273
2019-07-16,174.2307
2019-07-17,174.277
2019-07-18,172.7478
2019-07-19,170.6975
2019-07-22,170.3005
2019-07-23,170.2182
2019-07-24,169.0809
2019-07-25,169.1966
2019-07-26,169.7465
2019-07-29,168.6468
2019-07-30,166.9383
2019-07-31,167.8032
2019-08-01,165.7573
2019-08-02,165.6616
2019-08-05,164.4105
2019-08-06,165.8212
2019-08-07,164.8879
2019-08-08,166.1589
2019-08-09,166.3121
2019-08-13,163.2787
2019-08-14,164.3602
2019-08-16,164.869
2019-08-19,165.2153
2019-08-20,164.6135
2019-08-21,162.9475
2019-08-22,160.9357
2019-08-23,162.1124
2019-08-26,164.1962
2019-08-27,165.1695
2019-08-28,164.3853
2019-08-29,163.6658
2019-08-30,164.87
2019-09-03,162.4354
2019-09-04,163.0805
2019-09-05,163.3168
2019-09-06,164.4087
2019-09-09,165.4471
2019-09-11,166.1152
2019-09-12,166.1737
2019-09-13,167.0851
2019-09-16,166.6498
2019-09-17,164.2615
2019-09-18,164.8805
2019-09-19,163.0834
2019-09-20,168.0198
2019-09-23,171.1021
2019-09-24,170.6169
2019-09-25,168.4974
2019-09-26,169.8466
2019-09-27,168.8699
2019-09-30,167.7153
2019-10-01,165.5865
2019-10-03,165.2434
2019-10-04,163.9479
2019-10-07,163.2156
2019-10-09,164.9827
2019-10-10,163.7371
2019-10-11,164.2832
2019-10-14,164.7983
2019-10-15,165.2842
2019-10-16,165.3173
2019-10-17,166.5388
2019-10-18,167.4007
2019-10-22,166.7522
2019-10-23,166.8473
2019-10-24,165.8723
2019-10-25,166.0978
2019-10-29,168.5738
2019-10-30,169.1736
2019-10-31,170.1237
2019-11-01,171.1394
2019-11-04,171.4321
2019-11-05,170.6941
2019-11-06,171.1083
2019-11-07,171.4701
2019-11-08,170.3791
2019-11-11,170.982
2019-11-13,168.9954
2019-11-14,169.3743
2019-11-15,169.7031
2019-11-18,170.5864
2019-11-19,171.0603
2019-11-20,171.7244
2019-11-21,171.072
2019-11-22,170.9857
2019-11-25,173.3874
2019-11-26,172.9775
2019-11-27,173.3095
2019-11-28,174.2337
2019-11-29,173.6734
2019-12-02,173.2188
2019-12-03,172.3545
2019-12-04,173.606
2019-12-05,172.9885
2019-12-06,171.1813
2019-12-09,171.2562
2019-12-10,169.8186
2019-12-11,170.2673
2019-12-12,170.9868
2019-12-13,172.2108
2019-12-16,171.8913
2019-12-17,173.1771
2019-12-18,173.2671
2019-12-19,173.286
2019-12-20,173.5614
2019-12-23,173.4573
2019-12-24,173.3064
2019-12-26,172.8732
2019-12-27,174.3835
2019-12-30,174.7639
2019-12-31,174.4408
2020-01-01,174.8868
2020-01-02,176.3836
2020-01-03,176.2935
2020-01-06,173.4366
2020-01-07,174.0268
2020-01-08,173.9584
2020-01-09,176.1719
2020-01-10,176.7528
2020-01-13,178.0164
2020-01-14,178.5674
2020-01-15,178.4729
2020-01-16,178.7089
2020-01-17,179.1456
2020-01-20,178.6605
2020-01-21,178.1065
2020-01-22,177.5933
2020-01-23,178.5397
2020-01-24,179.1122
2020-01-27,177.5981
2020-01-28,176.7331
2020-01-29,177.1074
2020-01-30,175.9592
2020-01-31,175.1806
2020-02-03,171.1147
2020-02-04,173.7421
2020-02-05,175.1686
2020-02-06,176.379
2020-02-07,176.0613
2020-02-10,174.8654
2020-02-11,175.5209
2020-02-12,175.7113
2020-02-13,175.308
2020-02-14,174.4169
2020-02-17,173.4025
2020-02-18,172.4292
2020-02-19,173.6308
2020-02-20,174.0477
2020-02-24,171.5561
2020-02-25,171.5134
2020-02-26,170.2068
2020-02-27,169.7675
2020-02-28,165.3613
2020-03-02,164.2856
2020-03-03,166.0678
2020-03-04,165.2328
2020-03-05,164.86
2020-03-06,161.1765
2020-03-09,155.314
2020-03-11,154.5835
2020-03-12,145.1084
2020-03-13,149.1225
2020-03-16,141.1127
2020-03-17,138.4172
2020-03-18,133.6667
2020-03-19,131.438
2020-03-20,135.9864
2020-03-23,123.6616
2020-03-24,124.2466
2020-03-25,128.2012
2020-03-26,131.4733
2020-03-27,132.5795
2020-03-30,129.0548
2020-03-31,132.5625
2020-04-01,129.7613
2020-04-03,128.7147
2020-04-07,135.2282
2020-04-08,136.0317
2020-04-09,140.4298
2020-04-13,140.0357
2020-04-15,139.995
2020-04-16,141.3422
2020-04-17,144.3224
2020-04-20,144.2856
2020-04-21,141.1759
2020-04-22,142.1933
2020-04-23,143.4301
2020-04-24,141.6248
2020-04-27,142.4798
2020-04-28,143.1834
2020-04-29,144.9873
2020-04-30,148.1085
2020-05-04,143.0384
2020-05-05,142.0621
2020-05-06,143.0034
2020-05-07,142.3405
2020-05-08,142.0182
2020-05-11,142.0111
2020-05-12,142.1173
2020-05-13,144.2532
2020-05-14,142.1607
2020-05-15,142.2964
2020-05-18,138.8665
2020-05-19,139.9467
2020-05-20,141.8387
2020-05-21,142.6941
2020-05-22,142.1491
2020-05-26,142.262
2020-05-27,144.6306
2020-05-28,146.5096
2020-05-29,148.0033
2020-06-01,150.0336
2020-06-02,151.6495
2020-06-03,152.2622
2020-06-04,152.2177
2020-06-05,154.2718
2020-06-08,154.9051
2020-06-09,153.6198
2020-06-10,154.2247
2020-06-11,152.0476
2020-06-12,152.6181
2020-06-15,151.2984
2020-06-16,151.7249
2020-06-17,151.808
2020-06-18,154.0272
2020-06-19,155.3881
2020-06-22,156.4443
2020-06-23,158.2883
2020-06-24,156.2175
2020-06-25,156.5044
2020-06-26,157.7112
2020-06-29,156.3279
2020-06-30,156.34
2020-07-01,157.6355
2020-07-02,159.1066
2020-07-03,159.9943
2020-07-06,161.4833
2020-07-07,162.1364
2020-07-08,161.2771
2020-07-09,162.3298
2020-07-10,161.4057
2020-07-13,161.7332
2020-07-14,159.6915
2020-07-15,159.679
2020-07-16,161.2011
2020-07-17,163.0331
2020-07-20,164.1436
2020-07-21,165.4964
2020-07-22,165.7038
2020-07-23,166.7703
2020-07-24,166.2458
2020-07-27,165.3258
2020-07-28,166.3807
2020-07-29,165.8909
2020-07-30,165.0511
2020-07-31,165.5262
2020-08-03,164.4666
2020-08-04,166.0337
2020-08-05,166.662
2020-08-06,167.4091
2020-08-07,167.6165
2020-08-10,169.0217
2020-08-11,169.7363
2020-08-12,169.7704
2020-08-13,170.3303
2020-08-14,169.3491
2020-08-17,170.0822
2020-08-18,171.5334
2020-08-19,172.1115
2020-08-20,171.3822
2020-08-21,172.0492
2020-08-24,173.0187
2020-08-25,172.6803
2020-08-26,173.652
2020-08-27,174.0134
2020-08-28,174.9375
2020-08-31,170.8525
2020-09-01,171.9885
2020-09-02,172.7953
2020-09-03,172.876
2020-09-04,170.4284
2020-09-07,170.1242
2020-09-08,168.8314
2020-09-09,168.44
2020-09-10,169.9628
2020-09-11,170.2693
2020-09-14,170.9191
2020-09-15,172.3136
2020-09-16,172.9236
2020-09-17,172.1581
2020-09-18,172.4802
2020-09-21,168.6498
2020-09-22,167.4429
2020-09-23,167.0861
2020-09-24,163.2111
2020-09-25,166.2532
2020-09-28,168.6642
2020-09-29,168.333
2020-09-30,168.3988
2020-10-01,169.7184
2020-10-05,170.4035
2020-10-06,171.4324
2020-10-07,171.3849
2020-10-08,172.1817
2020-10-09,173.4363
2020-10-12,173.0834
2020-10-13,172.5654
2020-10-14,172.648
2020-10-15,169.9718
2020-10-16,171.4143
2020-10-19,172.6398
2020-10-20,172.9037
2020-10-21,173.9534
2020-10-22,174.2035
2020-10-23,175.0758
2020-10-26,173.123
2020-10-27,173.9171
2020-10-28,172.5048
2020-10-29,171.341
2020-10-30,171.1746
2020-11-02,172.4084
2020-11-03,174.3183
2020-11-04,174.8306
2020-11-05,176.981
2020-11-06,177.678
2020-11-09,179.6562
2020-11-10,181.0012
2020-11-11,183.2185
2020-11-12,183.2378
2020-11-13,183.6795
2020-11-17,186.1877
2020-11-18,187.1647
2020-11-19,185.2987
2020-11-20,186.1943
2020-11-23,186.3792
2020-11-24,187.9385
2020-11-25,186.078
2020-11-26,187.3141
2020-11-27,188.0819
2020-12-01,189.9865
2020-12-02,190.1899
2020-12-03,190.8378
2020-12-04,192.534
2020-12-07,193.9099
2020-12-08,193.8688
2020-12-09,195.1248
2020-12-10,194.5626
2020-12-11,194.9038
2020-12-14,196.0086
2020-12-15,195.8292
2020-12-16,196.6327
2020-12-17,196.7224
2020-12-18,197.2609
2020-12-21,191.36
2020-12-22,192.8563
2020-12-23,195.1627
2020-12-24,196.6167
2020-12-28,198.3357
2020-12-29,198.8098
2020-12-30,198.9587
2020-12-31,199.0418
2021-01-01,199.9448
2021-01-04,201.6942
2021-01-05,202.9262
2021-01-06,203.0393
2021-01-07,204.5154
2021-01-08,206.2611
2021-01-11,207.2844
2021-01-12,208.6886
2021-01-13,209.107
2021-01-14,209.4312
2021-01-15,207.9198
2021-01-18,205.071
2021-01-19,207.7638
2021-01-20,209.1492
2021-01-21,207.5987
2021-01-22,205.5976
2021-01-25,204.852
2021-01-27,202.1879
2021-01-28,201.5481
2021-01-29,200.1572
2021-02-01,207.2684
2021-02-02,211.3688
2021-02-03,213.0535
2021-02-04,214.9971
2021-02-05,214.9027
2021-02-08,217.4626
2021-02-09,217.2171
2021-02-10,217.2146
2021-02-11,217.5311
2021-02-12,217.5408
2021-02-15,220.0685
2021-02-16,220.0335
2021-02-17,220.3031
2021-02-18,219.8031
2021-02-19,217.0972
2021-02-22,214.2312
2021-02-23,215.4909
2021-02-24,218.1082
2021-02-25,219.3291
2021-02-26,214.6153
2021-03-01,216.9073
2021-03-02,218.9516
2021-03-03,222.0238
2021-03-04,221.1083
2021-03-05,218.4004
2021-03-08,219.0766
2021-03-09,219.1474
2021-03-10,220.2577
2021-03-12,219.1977
2021-03-15,218.2463
2021-03-16,217.9989
2021-03-17,215.333
2021-03-18,213.8508
2021-03-19,215.346
2021-03-22,215.3957
2021-03-23,216.5151
2021-03-24,213.2789
2021-03-25,211.5367
2021-03-26,213.5253
2021-03-30,216.2863
2021-03-31,215.6336
2021-04-01,217.8313
2021-04-05,215.5007
2021-04-06,215.5198
2021-04-07,217.5005
2021-04-08,218.6443
2021-04-09,218.6312
2021-04-12,211.6545
2021-04-13,214.1183
2021-04-15,214.6867
2021-04-16,215.9536
2021-04-19,213.392
2021-04-20,213.3928
2021-04-22,215.0716
2021-04-23,214.483
2021-04-26,216.3522
2021-04-27,218.4676
2021-04-28,220.2133
2021-04-29,220.3622
2021-04-30,218.9083
2021-05-03,219.4435
2021-05-04,218.1595
2021-05-05,220.1054
2021-05-06,221.7369
2021-05-07,222.952
2021-05-10,225.1756
2021-05-11,225.0632
2021-05-12,223.6639
2021-05-14,222.5776
2021-05-17,225.0446
2021-05-18,227.0541
2021-05-19,226.9826
2021-05-20,226.2713
2021-05-21,229.1532
2021-05-24,230.0274
2021-05-25,230.022
2021-05-26,230.8344
2021-05-27,231.925
2021-05-28,231.8107
2021-05-31,232.7995
2021-06-01,232.1478
2021-06-02,233.0885
2021-06-03,234.2198
2021-06-04,234.7859
2021-06-07,236.2238
2021-06-08,236.6504
2021-06-09,235.1104
2021-06-10,236.9916
2021-06-11,237.1193
2021-06-14,237.0934
2021-06-15,237.7991
2021-06-16,236.7268
2021-06-17,235.8424
2021-06-18,234.9856
2021-06-21,235.7346
2021-06-22,236.2233
2021-06-23,235.2478
2021-06-24,236.184
2021-06-25,237.9282
2021-06-28,238.0944
2021-06-29,237.6395
2021-06-30,237.7931
2021-07-01,237.7888
2021-07-02,238.1923
2021-07-05,239.6689
2021-07-06,238.9488
2021-07-07,239.9417
2021-07-08,238.7113
2021-07-09,239.0768
2021-07-12,239.4381
2021-07-13,241.0514
2021-07-14,242.2017
2021-07-15,243.4596
2021-07-16,244.2448
2021-07-19,243.0102
2021-07-20,240.6403
2021-07-22,243.0271
2021-07-23,244.1517
2021-07-26,243.8977
2021-07-27,243.7915
2021-07-28,243.7466
2021-07-29,245.3824
2021-07-30,245.1634
2021-08-02,246.6743
2021-08-03,248.8402
2021-08-04,249.292
2021-08-05,249.176
2021-08-06,248.3321
2021-08-09,247.8734
2021-08-10,247.1172
2021-08-11,246.8193
2021-08-12,248.7799
2021-08-13,250.163
2021-08-16,249.9829
2021-08-17,250.1153
2021-08-18,249.4883
2021-08-20,246.327
2021-08-23,246.0164
2021-08-24,247.8507
2021-08-25,248.0604
2021-08-26,247.594
2021-08-27,248.7431
2021-08-30,251.6744
2021-08-31,253.5746
2021-09-01,253.537
2021-09-02,254.9583
2021-09-03,255.7643
2021-09-06,256.4705
2021-09-07,256.0383
2021-09-08,256.0968
2021-09-09,256.874
2021-09-13,256.8524
2021-09-14,257.5466
2021-09-15,259.6193
2021-09-16,260.8385
2021-09-17,259.6137
2021-09-20,256.6696
2021-09-21,257.7194
2021-09-22,258.8475
2021-09-23,261.9031
2021-09-24,262.2567
2021-09-27,262.6441
2021-09-28,260.8704
2021-09-29,261.9519
2021-09-30,261.6074
2021-10-01,260.6252
2021-10-04,262.4178
2021-10-05,263.4666
2021-10-06,261.4731
2021-10-07,263.4661
2021-10-08,263.9221
2021-10-11,265.5673
2021-10-12,266.5664
2021-10-13,269.2718
2021-10-14,271.2865
2021-10-18,273.2619
2021-10-19,270.9251
2021-10-20,269.1446
2021-10-21,269.4119
2021-10-22,268.6746
2021-10-25,268.8987
2021-10-26,270.7732
2021-10-27,270.6645
2021-10-28,266.4027
2021-10-29,264.9731
2021-11-01,267.8691
2021-11-02,268.3258
2021-11-03,268.0554
2021-11-08,271.348
2021-11-09,272.2867
2021-11-10,272.0937
2021-11-11,270.2656
2021-11-12,272.2291
2021-11-15,271.9454
2021-11-16,271.0397
2021-11-17,269.8912
2021-11-18,267.6693
2021-11-22,263.378
2021-11-23,265.195
2021-11-24,264.51
2021-11-25,265.127
2021-11-26,259.2914
2021-11-29,257.7703
2021-11-30,257.8097
2021-12-01,259.4486
2021-12-02,261.4244
2021-12-03,260.1359
2021-12-06,257.0198
2021-12-07,260.0201
2021-12-08,263.1914
2021-12-09,264.1338
2021-12-10,264.2211
2021-12-13,263.6646
2021-12-14,263.1475
2021-12-15,261.9463
2021-12-16,261.2363
2021-12-17,257.7002
2021-12-20,252.9402
2021-12-21,254.6666
2021-12-22,256.8402
2021-12-23,258.6904
2021-12-24,257.4334
2021-12-27,258.2175
2021-12-28,260.269
2021-12-29,259.9002
2021-12-30,259.4748
2021-12-31,261.3749
2022-01-03,264.3898
2022-01-04,265.7415
2022-01-05,266.833
2022-01-06,265.878
2022-01-07,266.4032
2022-01-10,269.3663
2022-01-11,269.9377
2022-01-12,271.9925
2022-01-13,272.5793
2022-01-14,272.3796
2022-01-17,272.6344
2022-01-18,269.7624
2022-01-19,269.1312
2022-01-20,267.534
2022-01-21,264.9429
2022-01-24,259.4393
2022-01-25,261.8621
2022-01-27,260.8428
2022-01-28,261.1703
2022-01-31,264.1246
2022-02-01,265.7995
2022-02-02,268.3708
2022-02-03,266.6602
2022-02-04,265.5058
2022-02-07,262.5706
2022-02-08,262.1047
2022-02-09,264.1229
2022-02-10,265.7723
2022-02-11,263.2912
2022-02-14,256.4096
2022-02-15,261.4406
2022-02-16,261.1919
2022-02-17,260.3429
2022-02-18,259.6897
2022-02-21,258.5557
2022-02-22,256.4518
2022-02-23,256.7332
2022-02-24,247.2473
2022-02-25,252.2176
2022-02-28,253.2786
2022-03-02,250.951
2022-03-03,250.4216
2022-03-04,247.9584
2022-03-07,243.8453
2022-03-08,245.4276
2022-03-09,248.6903
2022-03-10,251.1549
2022-03-11,251.9329
2022-03-14,254.1086
2022-03-15,252.4433
2022-03-16,255.7806
2022-03-17,258.2865
2022-03-21,256.9897
2022-03-22,258.6083
2022-03-23,258.0097
2022-03-24,257.7472
2022-03-25,256.8799
2022-03-28,257.8804
2022-03-29,258.7535
2022-03-30,259.8662
2022-03-31,260.1517
2022-04-01,263.1014
2022-04-04,267.2805
2022-04-05,267.1194
2022-04-06,266.2335
2022-04-07,265.0142
2022-04-08,266.5187
2022-04-11,265.3418
2022-04-12,263.4802
2022-04-13,263.4472
2022-04-18,260.7938
2022-04-19,258.0354
2022-04-20,259.1318
2022-04-21,260.946
2022-04-22,258.6273
2022-04-25,256.3036
2022-04-26,259.25
2022-04-27,257.5041
2022-04-28,259.2853
2022-04-29,257.3587
2022-05-02,257.3315
2022-05-04,252.622
2022-05-05,253.2289
2022-05-06,251.3695
2022-05-09,250.7214
2022-05-10,249.616
2022-05-11,248.6356
2022-05-12,245.3422
2022-05-13,244.7658
2022-05-16,245.9494
2022-05-17,250.2785
2022-05-18,249.479
2022-05-19,245.197
2022-05-20,249.8964
2022-05-23,249.201
2022-05-24,248.4623
2022-05-25,246.8526
2022-05-26,249.1424
2022-05-27,250.6025
2022-05-30,253.7155
2022-05-31,253.7531
2022-06-01,253.8324
2022-06-02,253.9501
2022-06-03,252.7197
2022-06-06,252.7204
2022-06-07,251.418
2022-06-08,251.1588
2022-06-09,252.2744
2022-06-10,250.1888
2022-06-13,245.1418
2022-06-14,245.0188
2022-06-15,245.217
2022-06-16,241.0323
2022-06-17,240.219
2022-06-20,239.6975
2022-06-21,243.514
2022-06-22,241.4347
2022-06-23,243.477
2022-06-24,245.0203
2022-06-27,247.2013
2022-06-28,247.607
2022-06-29,246.9044
2022-06-30,246.7386
2022-07-01,247.6652
2022-07-04,249.3181
2022-07-05,248.8663
2022-07-06,251.049
2022-07-07,253.5076
2022-07-08,254.7657
2022-07-11,255.3579
2022-07-12,253.7795
2022-07-13,253.0552
2022-07-14,252.5521
2022-07-15,253.7152
2022-07-18,256.305
2022-07-19,257.2441
2022-07-20,258.3671
2022-07-21,259.9439
2022-07-22,260.8336
2022-07-25,260.6708
2022-07-26,258.5665
2022-07-27,260.3042
2022-07-28,261.8268
2022-07-29,263.123
2022-08-01,265.538
2022-08-02,265.4875
2022-08-03,265.4875
2022-08-04,265.8092
2022-08-05,265.6516
2022-08-08,267.0249
2022-08-10,267.1381
2022-08-11,268.786
2022-08-12,269.7366
2022-08-16,271.3607
2022-08-17,272.6584
2022-08-18,272.7981
2022-08-19,270.9976
2022-08-22,268.1235
2022-08-23,269.3442
2022-08-24,270.0832
2022-08-25,269.4986
2022-08-26,270.0303
2022-08-29,267.4171
2022-08-30,271.9093
2022-09-01,270.8302
2022-09-02,271.0507
2022-09-05,272.4107
2022-09-06,272.5021
2022-09-07,272.3388
2022-09-08,274.6153
2022-09-09,274.9841
2022-09-12,276.3588
2022-09-13,277.5753
2022-09-14,277.3666
2022-09-15,276.3666
2022-09-16,272.2305
2022-09-19,272.8542
2022-09-20,275.0075
2022-09-21,273.8301
2022-09-22,272.3784
2022-09-23,268.1435
2022-09-26,264.2827
2022-09-27,264.1123
2022-09-28,262.4719
2022-09-29,262.9678
2022-09-30,266.0331
2022-10-03,264.2588
2022-10-04,268.562
2022-10-06,269.9275
2022-10-07,269.322
2022-10-10,268.3558
2022-10-11,265.3954
2022-10-12,266.8495
2022-10-13,265.3468
2022-10-14,267.026
2022-10-17,268.0841
2022-10-18,270.2552
2022-10-19,270.0982
2022-10-20,270.3691
2022-10-21,270.9259
2022-10-25,273.2998
2022-10-27,274.8827
2022-10-28,274.0024
2022-10-31,276.1483
2022-11-01,277.305
2022-11-02,276.9682
2022-11-03,276.6353
2022-11-04,276.6299
2022-11-07,278.2948
2022-11-09,277.6577
2022-11-10,275.905
2022-11-11,279.074
2022-11-14,279.0492
2022-11-15,279.8837
2022-11-16,279.4654
2022-11-17,278.7185
2022-11-18,277.9805
2022-11-21,276.8549
2022-11-22,277.4525
2022-11-23,278.0065
2022-11-24,280.105
2022-11-25,280.9669
2022-11-28,281.6225
2022-11-29,281.9051
2022-11-30,283.4462
2022-12-01,284.2964
2022-12-02,283.732
2022-12-05,284.0061
2022-12-06,282.8313
2022-12-07,282.316
2022-12-08,283.4363
2022-12-09,281.9603
2022-12-12,282.112
2022-12-13,283.0931
2022-12-14,284.2035
2022-12-15,281.8482
2022-12-16,279.8396
2022-12-19,280.8465
2022-12-20,280.3711
2022-12-21,278.0869
2022-12-22,276.881
2022-12-23,272.7721
2022-12-26,276.0892
2022-12-27,277.6516
2022-12-28,277.3942
2022-12-29,278.3954
2022-12-30,277.8028
2023-01-02,279.2023
2023-01-03,279.678
2023-01-04,277.3806
2023-01-05,277.9581
2023-01-06,276.6501
2023-01-09,279.0239
2023-01-10,277.7416
2023-01-11,278.137
2023-01-12,278.0706
2023-01-13,278.8399
2023-01-16,278.4621
2023-01-17,279.5274
2023-01-18,280.8323
2023-01-19,280.541
2023-01-20,279.7902
2023-01-23,281.0512
2023-01-24,280.9724
2023-01-25,278.19
2023-01-27,275.3436
2023-01-30,274.8077
2023-01-31,276.4966
2023-02-01,276.1659
2023-02-02,277.1148
2023-02-03,278.8881
2023-02-06,278.6597
2023-02-07,278.1322
2023-02-08,279.2288
2023-02-09,279.2411
2023-02-10,279.4091
2023-02-13,278.3285
2023-02-14,279.3477
2023-02-15,279.9874
2023-02-16,280.2171
2023-02-17,278.9066
2023-02-20,278.3676
2023-02-21,277.8202
2023-02-22,275.516
2023-02-23,275.325
2023-02-24,274.2626
2023-02-27,272.8578
2023-02-28,272.471
2023-03-01,274.1973
2023-03-02,272.997
2023-03-03,275.4517
2023-03-06,276.6228
2023-03-08,277.2736
2023-03-09,275.9021
2023-03-10,274.2067
2023-03-13,270.9456
2023-03-14,270.0392
2023-03-15,269.4656
2023-03-16,269.3336
2023-03-17,270.7487
2023-03-20,269.4133
2023-03-21,270.5691
2023-03-22,271.2391
2023-03-23,270.5785
2023-03-24,269.0097
2023-03-27,268.7293
2023-03-28,268.1005
2023-03-29,270.1048
2023-03-31,272.8692
2023-04-03,273.7799
2023-04-05,275.5736
2023-04-06,276.3863
2023-04-10,277.2644
2023-04-11,277.8426
2023-04-12,278.8847
2023-04-13,278.9781
2023-04-17,277.8219
2023-04-18,278.2545
2023-04-19,278.2235
2023-04-20,278.5891
2023-04-21,278.1324
2023-04-24,279.5249
2023-04-25,280.0763
2023-04-26,281.3033
2023-04-27,282.6326
2023-04-28,284.2119
2023-05-02,285.3071
2023-05-03,285.1661
2023-05-04,286.4
2023-05-05,284.0138
2023-05-08,286.5513
2023-05-09,286.6102
2023-05-10,287.2192
2023-05-11,286.7109
2023-05-12,286.8829
2023-05-15,288.5274
2023-05-16,288.1642
2023-05-17,287.6523
2023-05-18,286.8729
2023-05-19,287.0655
2023-05-22,287.6792
2023-05-23,288.2399
2023-05-24,287.7268
2023-05-25,287.9342
2023-05-26,289.7973
2023-05-29,290.8957
2023-05-30,291.6943
2023-05-31,291.4033
2023-06-01,291.4193
2023-06-02,292.5586
2023-06-05,293.7631
2023-06-06,293.9461
2023-06-07,295.4632
2023-06-08,294.5187
2023-06-09,293.7794
2023-06-12,294.84
2023-06-13,296.2061
2023-06-14,296.0964
2023-06-15,295.4402
2023-06-16,297.1731
2023-06-19,296.8875
2023-06-20,298.1148
2023-06-21,298.6032
2023-06-22,297.8856
2023-06-23,296.5249
2023-06-26,297.4685
2023-06-27,298.8461
2023-06-28,300.4901
2023-06-30,303.5224
2023-07-03,304.4233
2023-07-04,304.7209
2023-07-05,305.6094
2023-07-06,307.1574
2023-07-07,305.6811
2023-07-10,305.4932
2023-07-11,306.654
2023-07-12,306.3633
2023-07-13,306.7319
2023-07-14,308.9964
2023-07-17,310.4415
2023-07-18,310.9486
2023-07-19,311.7971
2023-07-20,313.312
2023-07-21,311.4995
2023-07-24,311.2991
2023-07-25,311.6382
2023-07-26,313.4925
2023-07-27,313.1563
2023-07-28,313.0957
2023-07-31,315.0727
2023-08-01,315.04
2023-08-02,312.0091
2023-08-03,310.7753
2023-08-04,312.3392
2023-08-07,313.5152
2023-08-08,314.508
2023-08-09,315.707
2023-08-10,314.9634
2023-08-11,313.2594
2023-08-14,313.1745
2023-08-16,313.3959
2023-08-17,312.5278
2023-08-18,312.0218
2023-08-21,313.4556
2023-08-22,313.9855
2023-08-23,315.0502
2023-08-24,314.9584
2023-08-25,313.1535
2023-08-28,314.4581
2023-08-29,315.411
2023-08-30,315.7985
2023-08-31,315.5651
2023-09-01,317.6591
2023-09-04,318.7699
2023-09-05,319.6827
2023-09-06,319.7706
2023-09-07,321.2313
2023-09-08,322.381
2023-09-11,324.4379
2023-09-12,322.5664
2023-09-13,323.4598
2023-09-14,325.2691
2023-09-15,326.2463
2023-09-18,325.2668
2023-09-20,323.3443
2023-09-21,320.7524
2023-09-22,320.0236
2023-09-25,319.6848
2023-09-26,319.2897
2023-09-27,320.2452
2023-09-29,320.6612
2023-10-03,320.1269
2023-10-04,318.2924
2023-10-05,319.8374
2023-10-06,320.7437
2023-10-09,318.2464
2023-10-10,320.9131
2023-10-11,322.6855
2023-10-12,323.4799
2023-10-13,323.1017
2023-10-16,323.2618
2023-10-17,324.1152
2023-10-18,322.6036
2023-10-19,322.0609
2023-10-20,320.2399
2023-10-23,316.1082
2023-10-25,314.8532
2023-10-26,312.3223
2023-10-27,315.1644
2023-10-30,315.9418
2023-10-31,315.1234
2023-11-01,314.5731
2023-11-02,316.781
2023-11-03,318.4832
2023-11-06,320.7627
2023-11-07,321.3089
2023-11-08,321.912
2023-11-09,322.1122
2023-11-10,322.1114
2023-11-13,323.1182
2023-11-15,325.8919
2023-11-16,327.0566
2023-11-17,326.8574
2023-11-20,326.2995
2023-11-21,327.1121
2023-11-22,327.2565
2023-11-23,327.6722
2023-11-24,327.6464
2023-11-28,328.5016
2023-11-29,331.3961
2023-11-30,332.2774
2023-12-01,333.6808
2023-12-04,338.5378
2023-12-05,339.1795
2023-12-06,340.2299
2023-12-07,340.1056
2023-12-08,340.4977
2023-12-11,340.9978
2023-12-12,339.6796
2023-12-13,340.9609
2023-12-14,344.4423
2023-12-15,346.6887
2023-12-18,346.381
2023-12-19,346.4643
2023-12-20,341.6902
2023-12-21,343.3212
2023-12-22,345.1622
2023-12-26,346.2112
2023-12-27,348.5253
2023-12-28,350.0069
2023-12-29,350.6912
2024-01-01,351.4178
2024-01-02,350.533
2024-01-03,349.9709
2024-01-04,351.7649
2024-01-05,352.78
2024-01-08,350.2108
2024-01-09,351.2092
2024-01-10,351.8404
2024-01-11,352.7161
2024-01-12,355.1901
2024-01-15,357.8081
2024-01-16,356.9534
2024-01-17,351.9942
2024-01-18,352.7043
2024-01-19,354.4776
2024-01-23,348.6509
2024-01-24,351.9325
2024-01-25,351.1388
2024-01-29,354.8387
2024-01-30,353.2571
2024-01-31,355.9157
2024-02-01,355.9539
2024-02-02,357.6824
2024-02-05,357.5274
2024-02-06,360.3538
2024-02-07,360.0718
2024-02-08,358.2451
2024-02-09,357.597
2024-02-12,354.2024
2024-02-13,355.0965
2024-02-14,356.5363
2024-02-15,358.8879
2024-02-16,361.3993
2024-02-19,362.7256
2024-02-20,363.1457
2024-02-21,361.8917
2024-02-22,363.6419
2024-02-23,363.7312
2024-02-26,363.5654
2024-02-27,363.751
2024-02-28,360.7637
2024-02-29,361.6363
2024-03-01,365.2988
2024-03-04,366.3553
2024-03-05,366.713
2024-03-06,366.8176
2024-03-07,367.2042
2024-03-11,365.0751
2024-03-12,364.3904
2024-03-13,358.6055
2024-03-14,361.8391
2024-03-15,360.1418
2024-03-18,360.5932
2024-03-19,358.1033
2024-03-20,357.7667
2024-03-21,360.6854
2024-03-22,361.7343
2024-03-26,362.7941
2024-03-27,364.5888
2024-03-28,366.4084
2024-03-31,366.4233
2024-04-01,368.6681
2024-04-02,369.3976
2024-04-03,369.9189
2024-04-04,370.5465
2024-04-05,371.2419
2024-04-08,372.9451
2024-04-09,373.167
2024-04-10,374.4835
2024-04-12,371.8182
2024-04-15,369.3303
2024-04-16,368.7288
2024-04-18,367.873
2024-04-19,368.8192
2024-04-22,371.1117
2024-04-23,372.0539
2024-04-24,373.1305
2024-04-25,375.6784
2024-04-26,375.7123
2024-04-29,377.6799
2024-04-30,377.9659
2024-05-02,379.0695
2024-05-03,377.5235
2024-05-06,376.8923
2024-05-07,373.179
2024-05-08,374.2133
2024-05-09,369.7113
2024-05-10,371.2483
2024-05-13,371.808
2024-05-14,374.082
2024-05-15,374.9913
2024-05-16,377.2448
2024-05-17,379.8658
2024-05-21,380.7715
2024-05-22,381.2623
2024-05-23,384.6539
2024-05-24,384.5225
2024-05-27,384.1166
2024-05-28,383.1387
2024-05-29,382.0065
2024-05-30,380.457
2024-05-31,382.0923
2024-06-03,390.3156
2024-06-04,373.2771
2024-06-05,383.1318
2024-06-06,386.7717
2024-06-07,392.0356
2024-06-10,393.0093
2024-06-11,393.3508
2024-06-12,394.6868
2024-06-13,396.2029
2024-06-14,397.6014
2024-06-18,399.7254
2024-06-19,399.434
2024-06-20,401.2707
2024-06-21,401.1393
2024-06-24,401.9365
2024-06-25,404.0869
2024-06-26,405.4439
2024-06-27,405.888
2024-06-28,405.9862
2024-07-01,408.8656
2024-07-02,408.3902
2024-07-03,410.855
2024-07-04,411.5375
2024-07-05,412.7102
2024-07-08,413.2553
2024-07-09,415.0767
2024-07-10,413.7836
2024-07-11,414.289
2024-07-12,416.3289
2024-07-15,418.1486
2024-07-16,419.227
2024-07-18,419.9363
2024-07-19,415.6392
2024-07-22,415.7583
2024-07-23,415.3299
2024-07-24,416.775
2024-07-25,416.8236
2024-07-26,421.4884
2024-07-29,421.6508
2024-07-30,422.0849
2024-07-31,423.3055
2024-08-01,422.8622
2024-08-02,419.7467
2024-08-05,411.4046
2024-08-06,410.4892
2024-08-07,415.5296
2024-08-08,413.9451
2024-08-09,416.1844
2024-08-12,417.4124
2024-08-13,414.9424
2024-08-14,415.1776
2024-08-16,420.0725
2024-08-19,421.5506
2024-08-20,423.3704
2024-08-21,424.7144
2024-08-22,426.2763
2024-08-23,426.0384
2024-08-26,427.8933
2024-08-27,429.2046
2024-08-28,429.8205
2024-08-29,429.5067
2024-08-30,432.3512
2024-09-02,432.0675
2024-09-03,433.1593
2024-09-04,432.2062
2024-09-05,434.8596
2024-09-06,430.9057
2024-09-09,430.9255
2024-09-10,432.7313
2024-09-11,431.1924
2024-09-12,435.5408
2024-09-13,435.7934
2024-09-16,436.0953
2024-09-17,436.7494
2024-09-18,435.1215
2024-09-19,434.6393
2024-09-20,438.9998
2024-09-23,440.8936
2024-09-24,441.4803
2024-09-25,441.844
2024-09-26,443.6643
2024-09-27,443.2494
2024-09-30,439.9027
2024-10-01,440.4543
2024-10-03,433.9371
2024-10-04,430.9819
2024-10-07,426.98
2024-10-08,430.5778
2024-10-09,431.7115
2024-10-10,431.5645
2024-10-11,431.3965
2024-10-14,433.9326
2024-10-15,434.4248
2024-10-16,434.1545
2024-10-17,430.1663
2024-10-18,431.2469
2024-10-21,429.163
2024-10-22,423.9239
2024-10-23,424.4424
2024-10-24,424.1385
2024-10-25,419.7955
2024-10-28,421.6198
2024-10-29,423.5442
2024-10-30,424.1332
2024-10-31,423.2369
2024-11-04,420.5298
2024-11-05,422.9192
2024-11-06,426.5871
2024-11-07,423.9033
2024-11-08,422.0693
2024-11-11,421.8419
2024-11-12,419.0483
2024-11-13,413.885
2024-11-14,414.0495
2024-11-18,412.7788
2024-11-19,414.2573
2024-11-21,412.7767
2024-11-22,418.1145
2024-11-25,422.6816
2024-11-26,423.3722
2024-11-27,424.3776
2024-11-28,421.4992
2024-11-29,423.9667
2024-12-02,426.3179
2024-12-03,428.9827
2024-12-04,430.0617
2024-12-05,431.8562
2024-12-06,432.4647
2024-12-09,433.4126
2024-12-10,434.4286
2024-12-11,434.8345
2024-12-12,433.5657
2024-12-13,434.7273
2024-12-16,435.0134
2024-12-17,431.0702
2024-12-18,428.916
2024-12-19,426.6384
2024-12-20,421.5358
2024-12-23,422.7688
2024-12-24,423.0821
2024-12-26,422.9757
2024-12-27,424.2388
2024-12-30,422.248
2024-12-31,422.4133
2025-01-01,423.6427
2025-01-02,428.1485
2025-01-03,425.9925
2025-01-06,419.9805
2025-01-07,422.1827
2025-01-08,420.8351
2025-01-09,418.2664
2025-01-10,414.8484
2025-01-13,407.7903
2025-01-14,410.3917
2025-01-15,410.9922
2025-01-16,413.2528
2025-01-17,411.7534
2025-01-20,413.8905
2025-01-21,409.8973
2025-01-22,410.0537
2025-01-23,412.1273
2025-01-24,409.3744
2025-01-27,403.9258
2025-01-28,404.615
2025-01-29,408.5466
2025-01-30,408.7091
2025-01-31,412.2717
2025-02-03,410.7799
2025-02-04,414.6431
2025-02-05,416.0097
2025-02-06,414.7144
2025-02-07,414.5113
2025-02-10,410.7312
2025-02-11,405.0008
2025-02-12,405.696
2025-02-13,405.3809
2025-02-14,401.9818
2025-02-17,402.4612
2025-02-18,402.4667
2025-02-19,402.9726
2025-02-20,403.6691
2025-02-21,401.3548
2025-02-24,397.9423
2025-02-25,396.9996
2025-02-27,396.0857
2025-02-28,390.7221
2025-03-03,390.4212
2025-03-04,390.6334
2025-03-05,395.3355
2025-03-06,398.0408
2025-03-07,397.4693
2025-03-10,395.0758
2025-03-11,394.9696
2025-03-12,394.4373
2025-03-13,393.0434
2025-03-17,394.4415
2025-03-18,399.9241
2025-03-19,402.6717
2025-03-20,406.0977
2025-03-21,408.4939
2025-03-24,411.3338
2025-03-25,409.7894
2025-03-26,407.8557
2025-03-27,409.3245
2025-03-28,408.2993
2025-03-31,408.3107
2025-04-01,405.7756
2025-04-02,409.2005
2025-04-03,408.6695
2025-04-04,403.1547
2025-04-07,393.712
2025-04-08,398.4632
2025-04-09,396.7628
2025-04-11,401.9309
2025-04-15,408.8056
2025-04-16,411.4377
2025-04-17,415.0316
2025-04-21,419.8765
2025-04-22,421.3347
2025-04-23,423.1432
2025-04-24,422.7799
2025-04-25,417.7043
2025-04-28,420.3738
2025-04-29,420.0699
2025-04-30,420.3264
2025-05-02,419.2656
2025-05-05,421.9667
2025-05-06,418.7317
2025-05-07,421.2368
2025-05-08,417.9612
2025-05-09,415.3071
2025-05-12,426.3735
2025-05-13,424.4777
2025-05-14,427.0347
2025-05-15,430.1257
2025-05-16,431.0871
2025-05-19,431.8395
2025-05-20,428.4299
2025-05-21,430.5635
2025-05-22,428.4329
2025-05-23,430.6697
2025-05-26,432.1378
2025-05-27,430.9209
2025-05-28,430.2266
2025-05-29,430.8922
2025-05-30,429.0629
2025-06-02,429.262
2025-06-03,428.4034
2025-06-04,429.4556
2025-06-05,430.9526
2025-06-06,433.2589
2025-06-09,435.3121
2025-06-10,434.6706
2025-06-11,435.6386
2025-06-12,432.5473
2025-06-13,430.3303
2025-06-16,433.223
2025-06-17,432.0505
2025-06-18,431.4658
2025-06-19,429.8542
2025-06-20,432.9885
2025-06-23,432.1031
2025-06-24,433.6405
2025-06-25,436.3663
2025-06-26,438.9204
2025-06-27,440.1275
2025-06-30,440.6544
2025-07-01,440.6027
2025-07-02,439.425
2025-07-03,439.7685
2025-07-04,441.5988
2025-07-07,440.7072
2025-07-08,441.1297
2025-07-09,440.823
2025-07-10,439.5196
2025-07-11,438.0646
2025-07-14,438.3028
2025-07-15,440.1649
2025-07-16,440.6302
2025-07-17,439.5726
2025-07-18,438.5878
2025-07-21,439.7897
2025-07-22,438.5467
2025-07-23,439.8409
2025-07-24,438.428
2025-07-25,434.6967
2025-07-28,432.6533
2025-07-29,434.569
2025-07-30,434.2105
2025-07-31,432.8373
2025-08-01,429.3903
2025-08-04,431.1449
2025-08-05,430.2116
2025-08-06,428.3621
2025-08-07,428.5038
2025-08-08,425.8955
2025-08-11,427.8063
2025-08-12,427.1803
2025-08-13,427.8427
2025-08-14,428.4444
2025-08-18,431.217
2025-08-19,432.6349
2025-08-20,433.9534
2025-08-21,434.2046
2025-08-22,432.197
2025-08-25,433.2283
2025-08-26,429.1188
2025-08-28,425.963
2025-08-29,424.5277
2025-09-01,427.1397
2025-09-02,426.6569
2025-09-03,428.6219
2025-09-04,428.4026
2025-09-05,429.0241
2025-09-08,429.3937
2025-09-09,431.1249
2025-09-10,433.0364
2025-09-11,433.3928
2025-09-12,434.3141
2025-09-15,434.2654
2025-09-16,436.5038
2025-09-17,437.6501
2025-09-18,438.6158
2025-09-19,437.4113
2025-09-22,435.5316
2025-09-23,434.8805
2025-09-24,433.5121
2025-09-25,431.9805
2025-09-26,427.9951
2025-09-30,428.2065
2025-10-01,430.993
2025-10-03,432.7759
2025-10-06,433.8863
2025-10-07,434.4869
2025-10-08,433.6941
2025-10-09,435.6133
2025-10-10,437.0422
2025-10-13,436.152
2025-10-14,435.127
2025-10-15,437.0632
2025-10-16,438.8315
2025-10-17,438.6618
2025-10-20,440.2383
2025-10-23,441.6592
2025-10-24,440.8956
2025-10-27,443.627
2025-10-28,443.9071
2025-10-29,445.2369
2025-10-30,443.7966
2025-10-31,442.0254
2025-11-03,444.1254
2025-11-04,442.3149
2025-11-06,440.8406
2025-11-07,441.3676
2025-11-10,443.4028
2025-11-11,445.3272
2025-11-12,447.533
2025-11-13,447.8527
2025-11-14,447.0769
2025-11-17,448.4032
2025-11-18,446.6988
2025-11-19,447.9477
2025-11-20,448.7463
2025-11-21,447.4436
2025-11-24,446.414
2025-11-25,446.6696
2025-11-26,450.603
2025-11-27,450.7465
2025-11-28,450.7482
2025-12-01,450.4399
2025-12-02,449.2694
2025-12-03,448.5711
2025-12-04,449.1261
2025-12-05,450.7175
2025-12-08,446.8582
2025-12-09,446.3974
2025-12-10,445.7818
2025-12-11,447.2818
2025-12-12,449.4041
2025-12-15,449.1284
2025-12-16,447.9294
2025-12-17,447.3955
2025-12-18,447.8498
2025-12-19,450.0165
2025-12-22,452.7665
2025-12-23,453.3
2025-12-24,453.1416
2025-12-26,451.5108
2025-12-29,450.0595
2025-12-30,450.1466
2025-12-31,452.4504
2026-01-01,452.8884
2026-01-02,455.3819
2026-01-05,453.505
2026-01-06,452.4982
2026-01-07,452.484
2026-01-08,448.5297
2026-01-09,446.4424
2026-01-12,446.8786
2026-01-13,446.8444
2026-01-14,446.77
2026-01-16,448.4287
2026-01-19,445.8785
2026-01-20,441.1
2026-01-21,439.6266
2026-01-22,441.8499
2026-01-23,439.1054
2026-01-27,440.7602
2026-01-28,443.9359
2026-01-29,444.7418
2026-01-30,444.1263
2026-02-02,441.3061
2026-02-03,449.4
2026-02-04,450.3493
2026-02-05,448.195
2026-02-06,448.797
2026-02-09,452.0282
2026-02-10,452.1897
2026-02-11,453.0836
2026-02-12,450.6912
2026-02-13,446.6482
2026-02-16,448.8181
2026-02-17,449.8707
2026-02-18,450.1813
2026-02-19,446.3635
2026-02-20,446.7654
2026-02-23,447.8337
2026-02-24,444.7491
2026-02-25,446.5471
2026-02-26,447.0167
2026-02-27,443.672
2026-03-02,438.9514
2026-03-04,433.9146
2026-03-05,437.3706
2026-03-06,434.0405
2026-03-09,428.7731
2026-03-10,433.5732
2026-03-11,430.2977
2026-03-12,428.0207
2026-03-13,421.4533
2026-03-16,422.2433
2026-03-17,423.795
2026-03-18,426.8657
2026-03-19,417.3627
2026-03-20,418.7548
2026-03-23,409.6001
2026-03-24,414.3443
2026-03-25,419.406
2026-03-27,413.1536
2026-03-30,406.6374
2026-03-31,406.648
2026-04-01,412.8285
2026-04-02,412.8724
2026-04-06,416.429
2026-04-07,418.5977
2026-04-08,429.75
2026-04-09,427.6149
2026-04-10,431.5171
2026-04-13,429.4537
2026-04-15,435.4956
2026-04-16,436.014
2026-04-17,438.0185
2026-04-20,437.2826
2026-04-21,439.4848
2026-04-22,436.8507
2026-04-23,433.7329
2026-04-24,429.6878
2026-04-27,433.2682
2026-04-28,431.667
2026-04-29,433.6655
2026-04-30,431.2736
2026-05-04,433.4124
