date,nav
2016-04-01,1000.0
2016-04-02,1000.0
2016-04-03,1000.0
2016-04-04,1000.0
2016-04-05,1000.2725
2016-04-06,1000.48
2016-04-07,1000.6918
2016-04-08,1000.8971
2016-04-09,1001.1026
2016-04-10,1001.308
2016-04-11,1001.5274
2016-04-12,1001.739
2016-04-13,1001.9479
2016-04-14,1002.1587
2016-04-15,1002.3695
2016-04-16,1002.5803
2016-04-17,1002.7912
2016-04-18,1003.0196
2016-04-19,1003.2273
2016-04-20,1003.4362
2016-04-21,1003.6519
2016-04-22,1003.8615
2016-04-23,1004.0681
2016-04-24,1004.2748
2016-04-25,1004.4806
2016-04-26,1004.6819
2016-04-27,1004.8891
2016-04-28,1005.0972
2016-04-29,1005.3062
2016-04-30,1005.5118
2016-05-01,1005.7175
2016-05-02,1005.928
2016-05-03,1006.1356
2016-05-04,1006.341
2016-05-05,1006.5478
2016-05-06,1006.7503
2016-05-07,1006.9573
2016-05-08,1007.1643
2016-05-09,1007.3694
2016-05-10,1007.5834
2016-05-11,1007.789
2016-05-12,1007.9969
2016-05-13,1008.2018
2016-05-14,1008.4063
2016-05-15,1008.6108
2016-05-16,1008.8189
2016-05-17,1009.0264
2016-05-18,1009.241
2016-05-19,1009.4475
2016-05-20,1009.6639
2016-05-21,1009.8674
2016-05-22,1010.0708
2016-05-23,1010.2789
2016-05-24,1010.4819
2016-05-25,1010.6879
2016-05-26,1010.8939
2016-05-27,1011.0976
2016-05-28,1011.3022
2016-05-29,1011.5068
2016-05-30,1011.7185
2016-05-31,1011.9224
2016-06-01,1012.1275
2016-06-02,1012.3364
2016-06-03,1012.5436
2016-06-04,1012.7472
2016-06-05,1012.951
2016-06-06,1013.1785
2016-06-07,1013.3937
2016-06-08,1013.6126
2016-06-09,1013.8175
2016-06-10,1014.0236
2016-06-11,1014.2247
2016-06-12,1014.4259
2016-06-13,1014.6345
2016-06-14,1014.8431
2016-06-15,1015.0614
2016-06-16,1015.2677
2016-06-17,1015.4689
2016-06-18,1015.668
2016-06-19,1015.8672
2016-06-20,1016.0735
2016-06-21,1016.2878
2016-06-22,1016.49
2016-06-23,1016.6966
2016-06-24,1016.8975
2016-06-25,1017.0949
2016-06-26,1017.2924
2016-06-27,1017.4956
2016-06-28,1017.7053
2016-06-29,1017.912
2016-06-30,1018.1706
2016-07-01,1018.4016
2016-07-02,1018.5945
2016-07-03,1018.7875
2016-07-04,1018.9982
2016-07-05,1019.2172
2016-07-06,1019.4171
2016-07-07,1019.6333
2016-07-08,1019.8378
2016-07-09,1020.0376
2016-07-10,1020.2374
2016-07-11,1020.437
2016-07-12,1020.6373
2016-07-13,1020.8417
2016-07-14,1021.0435
2016-07-15,1021.2386
2016-07-16,1021.4315
2016-07-17,1021.6244
2016-07-18,1021.8227
2016-07-19,1022.02
2016-07-20,1022.2185
2016-07-21,1022.4183
2016-07-22,1022.609
2016-07-23,1022.7998
2016-07-24,1022.9905
2016-07-25,1023.1824
2016-07-26,1023.377
2016-07-27,1023.571
2016-07-28,1023.7688
2016-07-29,1023.9592
2016-07-30,1024.1511
2016-07-31,1024.3431
2016-08-01,1024.5362
2016-08-02,1024.7286
2016-08-03,1024.9231
2016-08-04,1025.1159
2016-08-05,1025.3073
2016-08-06,1025.4975
2016-08-07,1025.6876
2016-08-08,1025.8847
2016-08-09,1026.0806
2016-08-10,1026.2717
2016-08-11,1026.4665
2016-08-12,1026.659
2016-08-13,1026.8478
2016-08-14,1027.0366
2016-08-15,1027.2253
2016-08-16,1027.4151
2016-08-17,1027.6048
2016-08-18,1027.7944
2016-08-19,1027.9829
2016-08-20,1028.1719
2016-08-21,1028.3609
2016-08-22,1028.5493
2016-08-23,1028.7473
2016-08-24,1028.9407
2016-08-25,1029.1333
2016-08-26,1029.3232
2016-08-27,1029.5132
2016-08-28,1029.7032
2016-08-29,1029.8936
2016-08-30,1030.0833
2016-08-31,1030.2711
2016-09-01,1030.4622
2016-09-02,1030.6508
2016-09-03,1030.8375
2016-09-04,1031.0242
2016-09-05,1031.211
2016-09-06,1031.3978
2016-09-07,1031.5913
2016-09-08,1031.7821
2016-09-09,1031.979
2016-09-10,1032.1695
2016-09-11,1032.3601
2016-09-12,1032.5525
2016-09-13,1032.7423
2016-09-14,1032.9363
2016-09-15,1033.126
2016-09-16,1033.3165
2016-09-17,1033.5069
2016-09-18,1033.6973
2016-09-19,1033.8833
2016-09-20,1034.0685
2016-09-21,1034.2592
2016-09-22,1034.45
2016-09-23,1034.644
2016-09-24,1034.8363
2016-09-25,1035.0287
2016-09-26,1035.2249
2016-09-27,1035.4199
2016-09-28,1035.6122
2016-09-29,1035.8121
2016-09-30,1036.0395
2016-10-01,1036.2282
2016-10-02,1036.4169
2016-10-03,1036.6432
2016-10-04,1036.8299
2016-10-05,1037.0391
2016-10-06,1037.2344
2016-10-07,1037.4338
2016-10-08,1037.624
2016-10-09,1037.8141
2016-10-10,1038.0092
2016-10-11,1038.1982
2016-10-12,1038.3871
2016-10-13,1038.5717
2016-10-14,1038.7548
2016-10-15,1038.9447
2016-10-16,1039.1347
2016-10-17,1039.3224
2016-10-18,1039.5099
2016-10-19,1039.6985
2016-10-20,1039.8879
2016-10-21,1040.0758
2016-10-22,1040.2644
2016-10-23,1040.453
2016-10-24,1040.6405
2016-10-25,1040.8267
2016-10-26,1041.0134
2016-10-27,1041.2019
2016-10-28,1041.4037
2016-10-29,1041.5927
2016-10-30,1041.7816
2016-10-31,1041.9706
2016-11-01,1042.1642
2016-11-02,1042.3527
2016-11-03,1042.5419
2016-11-04,1042.729
2016-11-05,1042.9171
2016-11-06,1043.1053
2016-11-07,1043.2953
2016-11-08,1043.4906
2016-11-09,1043.6846
2016-11-10,1043.8755
2016-11-11,1044.0655
2016-11-12,1044.2559
2016-11-13,1044.4464
2016-11-14,1044.6368
2016-11-15,1044.8501
2016-11-16,1045.0579
2016-11-17,1045.2551
2016-11-18,1045.4526
2016-11-19,1045.6392
2016-11-20,1045.8258
2016-11-21,1046.0312
2016-11-22,1046.2307
2016-11-23,1046.4311
2016-11-24,1046.6437
2016-11-25,1046.816
2016-11-26,1047.0001
2016-11-27,1047.1841
2016-11-28,1047.3768
2016-11-29,1047.5413
2016-11-30,1047.7365
2016-12-01,1047.9209
2016-12-02,1048.0742
2016-12-03,1048.2599
2016-12-04,1048.4455
2016-12-05,1048.6368
2016-12-06,1048.825
2016-12-07,1048.8992
2016-12-08,1049.0795
2016-12-09,1049.2658
2016-12-10,1049.4522
2016-12-11,1049.6386
2016-12-12,1049.8251
2016-12-13,1050.0076
2016-12-14,1050.2093
2016-12-15,1050.4075
2016-12-16,1050.5834
2016-12-17,1050.769
2016-12-18,1050.9546
2016-12-19,1051.1382
2016-12-20,1051.3226
2016-12-21,1051.5083
2016-12-22,1051.68
2016-12-23,1051.8512
2016-12-24,1052.0374
2016-12-25,1052.2238
2016-12-26,1052.4274
2016-12-27,1052.6114
2016-12-28,1052.7981
2016-12-29,1052.9871
2016-12-30,1053.1908
2016-12-31,1053.3768
2017-01-01,1053.563
2017-01-02,1053.7556
2017-01-03,1053.9518
2017-01-04,1054.142
2017-01-05,1054.328
2017-01-06,1054.5098
2017-01-07,1054.6967
2017-01-08,1054.8837
2017-01-09,1055.0633
2017-01-10,1055.2425
2017-01-11,1055.4174
2017-01-12,1055.6045
2017-01-13,1055.7876
2017-01-14,1055.9767
2017-01-15,1056.1659
2017-01-16,1056.3572
2017-01-17,1056.5475
2017-01-18,1056.7419
2017-01-19,1056.9379
2017-01-20,1057.1301
2017-01-21,1057.3164
2017-01-22,1057.5028
2017-01-23,1057.6949
2017-01-24,1057.8821
2017-01-25,1058.0721
2017-01-26,1058.2591
2017-01-27,1058.4462
2017-01-28,1058.635
2017-01-29,1058.8239
2017-01-30,1059.014
2017-01-31,1059.212
2017-02-01,1059.4091
2017-02-02,1059.6061
2017-02-03,1059.7998
2017-02-04,1059.9894
2017-02-05,1060.1791
2017-02-06,1060.3808
2017-02-07,1060.5824
2017-02-08,1060.7348
2017-02-09,1060.9167
2017-02-10,1061.1168
2017-02-11,1061.3074
2017-02-12,1061.4979
2017-02-13,1061.6952
2017-02-14,1061.8914
2017-02-15,1062.0797
2017-02-16,1062.2706
2017-02-17,1062.465
2017-02-18,1062.6548
2017-02-19,1062.8447
2017-02-20,1063.0461
2017-02-21,1063.2347
2017-02-22,1063.4383
2017-02-23,1063.6271
2017-02-24,1063.8146
2017-02-25,1064.002
2017-02-26,1064.1894
2017-02-27,1064.4
2017-02-28,1064.5935
2017-03-01,1064.7808
2017-03-02,1064.9719
2017-03-03,1065.1538
2017-03-04,1065.3378
2017-03-05,1065.5218
2017-03-06,1065.6985
2017-03-07,1065.8863
2017-03-08,1066.0817
2017-03-09,1066.2797
2017-03-10,1066.463
2017-03-11,1066.6493
2017-03-12,1066.8355
2017-03-13,1067.0218
2017-03-14,1067.2144
2017-03-15,1067.4078
2017-03-16,1067.6043
2017-03-17,1067.7939
2017-03-18,1067.9888
2017-03-19,1068.1838
2017-03-20,1068.3776
2017-03-21,1068.5713
2017-03-22,1068.7586
2017-03-23,1068.9471
2017-03-24,1069.139
2017-03-25,1069.3259
2017-03-26,1069.5126
2017-03-27,1069.6962
2017-03-28,1069.8819
2017-03-29,1070.0737
2017-03-30,1070.2634
2017-03-31,1070.4679
2017-04-01,1070.6566
2017-04-02,1070.8452
2017-04-03,1071.0357
2017-04-04,1071.2204
2017-04-05,1071.4026
2017-04-06,1071.5835
2017-04-07,1071.7656
2017-04-08,1071.9488
2017-04-09,1072.1321
2017-04-10,1072.3168
2017-04-11,1072.5015
2017-04-12,1072.6883
2017-04-13,1072.8801
2017-04-14,1073.0649
2017-04-15,1073.2497
2017-04-16,1073.4346
2017-04-17,1073.6196
2017-04-18,1073.8058
2017-04-19,1073.9907
2017-04-20,1074.1766
2017-04-21,1074.3638
2017-04-22,1074.5487
2017-04-23,1074.7336
2017-04-24,1074.9192
2017-04-25,1075.105
2017-04-26,1075.2905
2017-04-27,1075.4766
2017-04-28,1075.6636
2017-04-29,1075.8497
2017-04-30,1076.0359
2017-05-01,1076.2221
2017-05-02,1076.4004
2017-05-03,1076.5862
2017-05-04,1076.7733
2017-05-05,1076.9611
2017-05-06,1077.149
2017-05-07,1077.3369
2017-05-08,1077.5246
2017-05-09,1077.7128
2017-05-10,1077.901
2017-05-11,1078.0788
2017-05-12,1078.2703
2017-05-13,1078.462
2017-05-14,1078.6537
2017-05-15,1078.8476
2017-05-16,1079.0374
2017-05-17,1079.2283
2017-05-18,1079.4216
2017-05-19,1079.6097
2017-05-20,1079.7981
2017-05-21,1079.9864
2017-05-22,1080.1725
2017-05-23,1080.3601
2017-05-24,1080.5471
2017-05-25,1080.7345
2017-05-26,1080.9225
2017-05-27,1081.1099
2017-05-28,1081.2972
2017-05-29,1081.484
2017-05-30,1081.6721
2017-05-31,1081.8587
2017-06-01,1082.0457
2017-06-02,1082.2322
2017-06-03,1082.4189
2017-06-04,1082.6056
2017-06-05,1082.792
2017-06-06,1082.9799
2017-06-07,1083.1702
2017-06-08,1083.3579
2017-06-09,1083.5448
2017-06-10,1083.733
2017-06-11,1083.9212
2017-06-12,1084.1087
2017-06-13,1084.2964
2017-06-14,1084.4828
2017-06-15,1084.6725
2017-06-16,1084.8639
2017-06-17,1085.0534
2017-06-18,1085.243
2017-06-19,1085.4303
2017-06-20,1085.6193
2017-06-21,1085.8116
2017-06-22,1086.0007
2017-06-23,1086.1956
2017-06-24,1086.3895
2017-06-25,1086.5834
2017-06-26,1086.7774
2017-06-27,1086.9699
2017-06-28,1087.1693
2017-06-29,1087.3577
2017-06-30,1087.5456
2017-07-01,1087.7355
2017-07-02,1087.9254
2017-07-03,1088.1136
2017-07-04,1088.3094
2017-07-05,1088.5101
2017-07-06,1088.7099
2017-07-07,1088.9252
2017-07-08,1089.1183
2017-07-09,1089.3114
2017-07-10,1089.5065
2017-07-11,1089.6956
2017-07-12,1089.8872
2017-07-13,1090.086
2017-07-14,1090.2765
2017-07-15,1090.4669
2017-07-16,1090.6573
2017-07-17,1090.8484
2017-07-18,1091.0404
2017-07-19,1091.2311
2017-07-20,1091.4206
2017-07-21,1091.6111
2017-07-22,1091.8008
2017-07-23,1091.9906
2017-07-24,1092.1876
2017-07-25,1092.3771
2017-07-26,1092.5654
2017-07-27,1092.7544
2017-07-28,1092.9432
2017-07-29,1093.1332
2017-07-30,1093.3231
2017-07-31,1093.5091
2017-08-01,1093.6985
2017-08-02,1093.8899
2017-08-03,1094.0944
2017-08-04,1094.2855
2017-08-05,1094.4752
2017-08-06,1094.6649
2017-08-07,1094.854
2017-08-08,1095.0464
2017-08-09,1095.2397
2017-08-10,1095.4277
2017-08-11,1095.6169
2017-08-12,1095.8052
2017-08-13,1095.9934
2017-08-14,1096.1815
2017-08-15,1096.3697
2017-08-16,1096.5584
2017-08-17,1096.7461
2017-08-18,1096.9338
2017-08-19,1097.1218
2017-08-20,1097.3096
2017-08-21,1097.4963
2017-08-22,1097.6843
2017-08-23,1097.8733
2017-08-24,1098.062
2017-08-25,1098.2516
2017-08-26,1098.4412
2017-08-27,1098.6308
2017-08-28,1098.8173
2017-08-29,1099.0043
2017-08-30,1099.1914
2017-08-31,1099.3799
2017-09-01,1099.5678
2017-09-02,1099.7561
2017-09-03,1099.9444
2017-09-04,1100.1341
2017-09-05,1100.325
2017-09-06,1100.513
2017-09-07,1100.699
2017-09-08,1100.888
2017-09-09,1101.0757
2017-09-10,1101.2635
2017-09-11,1101.4521
2017-09-12,1101.6389
2017-09-13,1101.8278
2017-09-14,1102.0164
2017-09-15,1102.2023
2017-09-16,1102.3914
2017-09-17,1102.5806
2017-09-18,1102.7703
2017-09-19,1102.9587
2017-09-20,1103.1469
2017-09-21,1103.3358
2017-09-22,1103.5237
2017-09-23,1103.7126
2017-09-24,1103.9015
2017-09-25,1104.0908
2017-09-26,1104.2798
2017-09-27,1104.4675
2017-09-28,1104.6559
2017-09-29,1104.8435
2017-09-30,1105.0315
2017-10-01,1105.2196
2017-10-02,1105.4077
2017-10-03,1105.5976
2017-10-04,1105.7884
2017-10-05,1105.9801
2017-10-06,1106.1634
2017-10-07,1106.3494
2017-10-08,1106.5354
2017-10-09,1106.7314
2017-10-10,1106.932
2017-10-11,1107.1234
2017-10-12,1107.3117
2017-10-13,1107.5044
2017-10-14,1107.6974
2017-10-15,1107.8904
2017-10-16,1108.0796
2017-10-17,1108.2686
2017-10-18,1108.457
2017-10-19,1108.6457
2017-10-20,1108.8343
2017-10-21,1109.023
2017-10-22,1109.2116
2017-10-23,1109.4003
2017-10-24,1109.5873
2017-10-25,1109.7757
2017-10-26,1109.9651
2017-10-27,1110.1537
2017-10-28,1110.3426
2017-10-29,1110.5316
2017-10-30,1110.7247
2017-10-31,1110.9122
2017-11-01,1111.1104
2017-11-02,1111.3109
2017-11-03,1111.5252
2017-11-04,1111.7244
2017-11-05,1111.9235
2017-11-06,1112.116
2017-11-07,1112.3097
2017-11-08,1112.5038
2017-11-09,1112.6934
2017-11-10,1112.8849
2017-11-11,1113.0757
2017-11-12,1113.2665
2017-11-13,1113.4598
2017-11-14,1113.6515
2017-11-15,1113.852
2017-11-16,1114.0333
2017-11-17,1114.2262
2017-11-18,1114.419
2017-11-19,1114.612
2017-11-20,1114.8057
2017-11-21,1115.0115
2017-11-22,1115.203
2017-11-23,1115.3995
2017-11-24,1115.5908
2017-11-25,1115.7828
2017-11-26,1115.9748
2017-11-27,1116.1659
2017-11-28,1116.359
2017-11-29,1116.5501
2017-11-30,1116.7412
2017-12-01,1116.9323
2017-12-02,1117.1234
2017-12-03,1117.3146
2017-12-04,1117.5
2017-12-05,1117.6953
2017-12-06,1117.8878
2017-12-07,1118.082
2017-12-08,1118.2756
2017-12-09,1118.4688
2017-12-10,1118.6623
2017-12-11,1118.8567
2017-12-12,1119.0497
2017-12-13,1119.2398
2017-12-14,1119.4345
2017-12-15,1119.6299
2017-12-16,1119.8264
2017-12-17,1120.023
2017-12-18,1120.2179
2017-12-19,1120.414
2017-12-20,1120.6096
2017-12-21,1120.8051
2017-12-22,1121.0001
2017-12-23,1121.1953
2017-12-24,1121.3905
2017-12-25,1121.5858
2017-12-26,1121.7801
2017-12-27,1121.9786
2017-12-28,1122.1774
2017-12-29,1122.3784
2017-12-30,1122.5734
2017-12-31,1122.7685
2018-01-01,1122.9625
2018-01-02,1123.1566
2018-01-03,1123.3527
2018-01-04,1123.5494
2018-01-05,1123.7389
2018-01-06,1123.9384
2018-01-07,1124.1379
2018-01-08,1124.3373
2018-01-09,1124.539
2018-01-10,1124.7354
2018-01-11,1124.9343
2018-01-12,1125.1314
2018-01-13,1125.3293
2018-01-14,1125.5272
2018-01-15,1125.7252
2018-01-16,1125.9289
2018-01-17,1126.1287
2018-01-18,1126.3314
2018-01-19,1126.5332
2018-01-20,1126.7348
2018-01-21,1126.9365
2018-01-22,1127.1387
2018-01-23,1127.3438
2018-01-24,1127.5462
2018-01-25,1127.7493
2018-01-26,1127.9524
2018-01-27,1128.1555
2018-01-28,1128.3587
2018-01-29,1128.5585
2018-01-30,1128.7573
2018-01-31,1128.9605
2018-02-01,1129.1629
2018-02-02,1129.3633
2018-02-03,1129.564
2018-02-04,1129.7647
2018-02-05,1129.966
2018-02-06,1130.1669
2018-02-07,1130.368
2018-02-08,1130.5719
2018-02-09,1130.7823
2018-02-10,1130.9853
2018-02-11,1131.1883
2018-02-12,1131.3924
2018-02-13,1131.5973
2018-02-14,1131.8026
2018-02-15,1132.0091
2018-02-16,1132.2132
2018-02-17,1132.4193
2018-02-18,1132.6254
2018-02-19,1132.8315
2018-02-20,1133.0371
2018-02-21,1133.2438
2018-02-22,1133.4443
2018-02-23,1133.6477
2018-02-24,1133.8543
2018-02-25,1134.0609
2018-02-26,1134.2712
2018-02-27,1134.4855
2018-02-28,1134.6927
2018-03-01,1134.9021
2018-03-02,1135.1103
2018-03-03,1135.3186
2018-03-04,1135.5269
2018-03-05,1135.7342
2018-03-06,1135.9464
2018-03-07,1136.196
2018-03-08,1136.4253
2018-03-09,1136.6375
2018-03-10,1136.8521
2018-03-11,1137.0667
2018-03-12,1137.3046
2018-03-13,1137.5219
2018-03-14,1137.7542
2018-03-15,1138.005
2018-03-16,1138.3315
2018-03-17,1138.5502
2018-03-18,1138.7688
2018-03-19,1139.0107
2018-03-20,1139.2207
2018-03-21,1139.4035
2018-03-22,1139.629
2018-03-23,1139.7893
2018-03-24,1140.0113
2018-03-25,1140.2334
2018-03-26,1140.414
2018-03-27,1140.6367
2018-03-28,1141.5163
2018-03-29,1141.7355
2018-03-30,1141.955
2018-03-31,1142.1746
2018-04-01,1142.3942
2018-04-02,1142.6139
2018-04-03,1142.8217
2018-04-04,1143.127
2018-04-05,1143.3543
2018-04-06,1143.5735
2018-04-07,1143.7912
2018-04-08,1144.0089
2018-04-09,1144.2333
2018-04-10,1144.4463
2018-04-11,1144.6572
2018-04-12,1144.8712
2018-04-13,1145.0889
2018-04-14,1145.3066
2018-04-15,1145.5244
2018-04-16,1145.7399
2018-04-17,1145.951
2018-04-18,1146.1675
2018-04-19,1146.3773
2018-04-20,1146.5904
2018-04-21,1146.8065
2018-04-22,1147.0226
2018-04-23,1147.2375
2018-04-24,1147.4504
2018-04-25,1147.6638
2018-04-26,1147.8803
2018-04-27,1148.1038
2018-04-28,1148.3172
2018-04-29,1148.5307
2018-04-30,1148.7442
2018-05-01,1148.9577
2018-05-02,1149.1697
2018-05-03,1149.3828
2018-05-04,1149.5962
2018-05-05,1149.8087
2018-05-06,1150.0213
2018-05-07,1150.2361
2018-05-08,1150.4474
2018-05-09,1150.6623
2018-05-10,1150.8753
2018-05-11,1151.0904
2018-05-12,1151.3037
2018-05-13,1151.517
2018-05-14,1151.7241
2018-05-15,1151.9366
2018-05-16,1152.1497
2018-05-17,1152.3649
2018-05-18,1152.58
2018-05-19,1152.796
2018-05-20,1153.012
2018-05-21,1153.224
2018-05-22,1153.4428
2018-05-23,1153.6609
2018-05-24,1153.8832
2018-05-25,1154.1024
2018-05-26,1154.3241
2018-05-27,1154.5457
2018-05-28,1154.7756
2018-05-29,1155.0151
2018-05-30,1155.2842
2018-05-31,1155.5047
2018-06-01,1155.7216
2018-06-02,1155.9529
2018-06-03,1156.1843
2018-06-04,1156.4024
2018-06-05,1156.634
2018-06-06,1156.8874
2018-06-07,1157.1227
2018-06-08,1157.3661
2018-06-09,1157.5958
2018-06-10,1157.8255
2018-06-11,1158.0573
2018-06-12,1158.2962
2018-06-13,1158.536
2018-06-14,1158.779
2018-06-15,1159.0413
2018-06-16,1159.2809
2018-06-17,1159.5205
2018-06-18,1159.7774
2018-06-19,1160.0496
2018-06-20,1160.2854
2018-06-21,1160.5356
2018-06-22,1160.764
2018-06-23,1160.9948
2018-06-24,1161.2256
2018-06-25,1161.4595
2018-06-26,1161.7015
2018-06-27,1161.9335
2018-06-28,1162.1772
2018-06-29,1162.4965
2018-06-30,1162.7423
2018-07-01,1162.9881
2018-07-02,1163.232
2018-07-03,1163.4825
2018-07-04,1163.7505
2018-07-05,1164.001
2018-07-06,1164.2855
2018-07-07,1164.5222
2018-07-08,1164.759
2018-07-09,1164.9913
2018-07-10,1165.2168
2018-07-11,1165.4448
2018-07-12,1165.6718
2018-07-13,1165.8994
2018-07-14,1166.1283
2018-07-15,1166.3572
2018-07-16,1166.5857
2018-07-17,1166.8156
2018-07-18,1167.0492
2018-07-19,1167.2783
2018-07-20,1167.5117
2018-07-21,1167.7424
2018-07-22,1167.9731
2018-07-23,1168.1912
2018-07-24,1168.4055
2018-07-25,1168.6329
2018-07-26,1168.861
2018-07-27,1169.0836
2018-07-28,1169.3094
2018-07-29,1169.5352
2018-07-30,1169.7625
2018-07-31,1169.9897
2018-08-01,1170.2251
2018-08-02,1170.4603
2018-08-03,1170.6951
2018-08-04,1170.9277
2018-08-05,1171.1604
2018-08-06,1171.387
2018-08-07,1171.6158
2018-08-08,1171.84
2018-08-09,1172.0661
2018-08-10,1172.2896
2018-08-11,1172.5132
2018-08-12,1172.7369
2018-08-13,1172.9497
2018-08-14,1173.1737
2018-08-15,1173.398
2018-08-16,1173.6236
2018-08-17,1173.8498
2018-08-18,1174.076
2018-08-19,1174.3023
2018-08-20,1174.5274
2018-08-21,1174.7551
2018-08-22,1174.9789
2018-08-23,1175.2044
2018-08-24,1175.4279
2018-08-25,1175.6515
2018-08-26,1175.8751
2018-08-27,1176.1009
2018-08-28,1176.3253
2018-08-29,1176.5502
2018-08-30,1176.7763
2018-08-31,1177.0023
2018-09-01,1177.2292
2018-09-02,1177.4561
2018-09-03,1177.682
2018-09-04,1177.9089
2018-09-05,1178.1359
2018-09-06,1178.3697
2018-09-07,1178.5959
2018-09-08,1178.8232
2018-09-09,1179.0505
2018-09-10,1179.2777
2018-09-11,1179.5066
2018-09-12,1179.7331
2018-09-13,1179.9607
2018-09-16,1180.6327
2018-09-17,1180.8562
2018-09-18,1181.0842
2018-09-20,1181.543
2018-09-23,1182.2429
2018-09-24,1182.4765
2018-09-25,1182.6639
2018-09-26,1182.884
2018-09-27,1183.1335
2018-09-30,1183.8668
2018-10-02,1184.3533
2018-10-03,1184.5937
2018-10-04,1184.8377
2018-10-07,1185.555
2018-10-08,1185.7918
2018-10-09,1186.0265
2018-10-10,1186.2649
2018-10-11,1186.5019
2018-10-14,1187.2111
2018-10-15,1187.4606
2018-10-16,1187.6972
2018-10-18,1188.1742
2018-10-21,1188.882
2018-10-22,1189.1169
2018-10-23,1189.3487
2018-10-24,1189.579
2018-10-25,1189.8139
2018-10-28,1190.5107
2018-10-29,1190.7481
2018-10-30,1190.9825
2018-10-31,1191.218
2018-11-01,1191.4534
2018-11-04,1192.1637
2018-11-05,1192.4077
2018-11-08,1193.1231
2018-11-11,1193.8381
2018-11-12,1194.0841
2018-11-13,1194.3305
2018-11-14,1194.5878
2018-11-15,1194.9361
2018-11-18,1195.651
2018-11-19,1195.8878
2018-11-20,1196.127
2018-11-21,1196.3646
2018-11-25,1197.3097
2018-11-26,1197.5565
2018-11-27,1197.8
2018-11-28,1198.0379
2018-11-29,1198.2798
2018-12-02,1199.0139
2018-12-03,1199.2679
2018-12-04,1199.5255
2018-12-05,1199.7651
2018-12-06,1200.0134
2018-12-09,1200.7232
2018-12-10,1200.9585
2018-12-11,1201.1857
2018-12-12,1201.4224
2018-12-13,1201.6668
2018-12-14,1201.9113
2018-12-16,1202.3849
2018-12-17,1202.6236
2018-12-18,1202.8625
2018-12-19,1203.1008
2018-12-20,1203.328
2018-12-21,1203.5621
2018-12-23,1204.0389
2018-12-24,1204.2768
2018-12-25,1204.5156
2018-12-26,1204.7516
2018-12-27,1204.993
2018-12-28,1205.235
2018-12-30,1205.709
2018-12-31,1205.9622
2019-01-01,1206.2143
2019-01-02,1206.4676
2019-01-03,1206.7108
2019-01-04,1206.9449
2019-01-06,1207.4166
2019-01-07,1207.6529
2019-01-08,1207.8891
2019-01-09,1208.1255
2019-01-10,1208.3611
2019-01-11,1208.6035
2019-01-13,1209.0657
2019-01-14,1209.2962
2019-01-15,1209.5243
2019-01-16,1209.7577
2019-01-17,1209.9985
2019-01-18,1210.2402
2019-01-20,1210.707
2019-01-21,1210.9409
2019-01-22,1211.1766
2019-01-23,1211.4108
2019-01-24,1211.6585
2019-01-25,1211.8904
2019-01-27,1212.3511
2019-01-28,1212.5774
2019-01-29,1212.805
2019-01-30,1213.0375
2019-01-31,1213.2655
2019-02-01,1213.4993
2019-02-03,1213.9643
2019-02-04,1214.1822
2019-02-05,1214.4097
2019-02-06,1214.645
2019-02-07,1214.9314
2019-02-08,1215.159
2019-02-10,1215.6182
2019-02-11,1215.8405
2019-02-12,1216.0738
2019-02-13,1216.3124
2019-02-14,1216.5402
2019-02-15,1216.7652
2019-02-17,1217.2295
2019-02-18,1217.4527
2019-02-19,1217.6859
2019-02-20,1217.9116
2019-02-21,1218.1429
2019-02-22,1218.3737
2019-02-24,1218.8397
2019-02-25,1219.0739
2019-02-26,1219.3055
2019-02-27,1219.5328
2019-02-28,1219.7689
2019-03-01,1219.9956
2019-03-04,1220.687
2019-03-05,1220.9203
2019-03-06,1221.1459
2019-03-07,1221.3789
2019-03-08,1221.6051
2019-03-10,1222.0669
2019-03-11,1222.3027
2019-03-12,1222.5441
2019-03-13,1222.7846
2019-03-14,1223.0785
2019-03-17,1223.7851
2019-03-18,1224.0227
2019-03-19,1224.253
2019-03-20,1224.451
2019-03-21,1224.6922
2019-03-22,1224.9049
2019-03-24,1225.3906
2019-03-25,1225.6353
2019-03-26,1225.8654
2019-03-27,1226.1047
2019-03-28,1226.3584
2019-03-29,1227.2095
2019-03-31,1227.6856
2019-04-01,1227.9238
2019-04-02,1228.2822
2019-04-03,1228.549
2019-04-04,1228.8013
2019-04-05,1229.0303
2019-04-07,1229.4949
2019-04-08,1229.7107
2019-04-09,1229.9195
2019-04-10,1230.1443
2019-04-11,1230.3625
2019-04-12,1230.568
2019-04-14,1231.0352
2019-04-15,1231.2731
2019-04-16,1231.5204
2019-04-17,1231.7534
2019-04-18,1231.9862
2019-04-21,1232.6848
2019-04-22,1232.9175
2019-04-23,1233.1415
2019-04-24,1233.373
2019-04-25,1233.5961
2019-04-26,1233.8267
2019-04-29,1234.5256
2019-04-30,1234.7547
2019-05-01,1234.9897
2019-05-02,1235.2004
2019-05-03,1235.4348
2019-05-05,1235.9037
2019-05-06,1236.1407
2019-05-07,1236.369
2019-05-08,1236.6097
2019-05-09,1236.846
2019-05-10,1237.0804
2019-05-12,1237.5492
2019-05-13,1237.7835
2019-05-14,1238.0142
2019-05-15,1238.2542
2019-05-16,1238.4923
2019-05-17,1238.7323
2019-05-19,1239.1978
2019-05-20,1239.4329
2019-05-21,1239.7278
2019-05-22,1239.9696
2019-05-23,1240.2413
2019-05-24,1240.4775
2019-05-26,1240.9463
2019-05-27,1241.1817
2019-05-28,1241.4279
2019-05-29,1241.6428
2019-05-30,1241.8634
2019-05-31,1242.1154
2019-06-02,1242.5793
2019-06-03,1242.8119
2019-06-04,1243.0409
2019-06-05,1243.2665
2019-06-06,1243.4956
2019-06-07,1243.7167
2019-06-09,1244.1595
2019-06-10,1244.3777
2019-06-11,1244.5963
2019-06-12,1244.8089
2019-06-13,1245.0184
2019-06-14,1245.233
2019-06-16,1245.6666
2019-06-17,1245.8799
2019-06-18,1246.0929
2019-06-19,1246.3077
2019-06-20,1246.481
2019-06-21,1246.6692
2019-06-23,1247.097
2019-06-24,1247.2979
2019-06-25,1247.5109
2019-06-26,1247.7176
2019-06-27,1247.9354
2019-06-28,1248.1812
2019-06-30,1248.613
2019-07-01,1248.8539
2019-07-02,1249.0811
2019-07-03,1249.3234
2019-07-04,1249.5682
2019-07-05,1249.78
2019-07-07,1250.2015
2019-07-08,1250.4099
2019-07-09,1250.629
2019-07-10,1250.8382
2019-07-11,1251.057
2019-07-12,1251.2672
2019-07-14,1251.6828
2019-07-15,1251.9003
2019-07-16,1252.1337
2019-07-17,1252.3471
2019-07-18,1252.5603
2019-07-19,1252.767
2019-07-21,1253.181
2019-07-22,1253.3869
2019-07-23,1253.59
2019-07-24,1253.8
2019-07-25,1254.0055
2019-07-26,1254.2129
2019-07-28,1254.621
2019-07-29,1254.8388
2019-07-30,1255.044
2019-07-31,1255.2455
2019-08-01,1255.4469
2019-08-02,1255.6476
2019-08-04,1256.044
2019-08-05,1256.2431
2019-08-06,1256.4373
2019-08-07,1256.663
2019-08-08,1256.8698
2019-08-09,1257.0644
2019-08-12,1257.6346
2019-08-13,1257.8117
2019-08-14,1257.9905
2019-08-15,1258.1833
2019-08-16,1258.3737
2019-08-18,1258.7511
2019-08-19,1258.9426
2019-08-20,1259.1492
2019-08-21,1259.3461
2019-08-22,1259.5325
2019-08-23,1259.7206
2019-08-25,1260.0934
2019-08-26,1260.28
2019-08-27,1260.4729
2019-08-28,1260.6697
2019-08-29,1260.8584
2019-08-30,1261.0472
2019-09-02,1261.6089
2019-09-03,1261.7982
2019-09-04,1261.9907
2019-09-05,1262.192
2019-09-06,1262.3825
2019-09-08,1262.753
2019-09-10,1263.1281
2019-09-11,1263.3182
2019-09-12,1263.5097
2019-09-13,1263.6981
2019-09-15,1264.0704
2019-09-16,1264.2499
2019-09-17,1264.4374
2019-09-18,1264.6237
2019-09-19,1264.8078
2019-09-20,1264.9497
2019-09-22,1265.3251
2019-09-23,1265.4659
2019-09-24,1265.637
2019-09-25,1265.8226
2019-09-26,1266.0128
2019-09-27,1266.2063
2019-09-29,1266.5803
2019-09-30,1266.8085
2019-10-01,1267.0562
2019-10-02,1267.2444
2019-10-03,1267.4352
2019-10-06,1268.0162
2019-10-07,1268.2112
2019-10-08,1268.3953
2019-10-09,1268.5842
2019-10-10,1268.7681
2019-10-11,1268.9848
2019-10-13,1269.3368
2019-10-14,1269.5808
2019-10-15,1269.7788
2019-10-16,1269.9651
2019-10-17,1270.1514
2019-10-21,1270.881
2019-10-22,1270.987
2019-10-23,1271.1544
2019-10-24,1271.3587
2019-10-25,1271.553
2019-10-28,1272.0916
2019-10-29,1272.2793
2019-10-30,1272.4911
2019-10-31,1272.7153
2019-11-01,1272.8931
2019-11-03,1273.2477
2019-11-04,1273.4135
2019-11-05,1273.5534
2019-11-06,1273.7001
2019-11-07,1273.8741
2019-11-08,1274.0539
2019-11-10,1274.4152
2019-11-12,1274.7776
2019-11-13,1274.9687
2019-11-14,1275.1522
2019-11-15,1275.3267
2019-11-17,1275.6819
2019-11-18,1275.86
2019-11-19,1276.0369
2019-11-20,1276.2354
2019-11-21,1276.4102
2019-11-22,1276.5883
2019-11-24,1276.9448
2019-11-25,1277.1254
2019-11-26,1277.3029
2019-11-27,1277.4913
2019-11-28,1277.6823
2019-12-01,1278.2249
2019-12-02,1278.4066
2019-12-03,1278.5953
2019-12-04,1278.7696
2019-12-05,1278.902
2019-12-08,1279.4404
2019-12-09,1279.6228
2019-12-10,1279.8029
2019-12-11,1279.9935
2019-12-12,1280.1643
2019-12-13,1280.3254
2019-12-15,1280.6783
2019-12-16,1280.8532
2019-12-17,1281.0316
2019-12-18,1281.2078
2019-12-19,1281.3849
2019-12-22,1281.8976
2019-12-23,1282.0708
2019-12-24,1282.2458
2019-12-25,1282.4188
2019-12-26,1282.5952
2019-12-27,1282.7758
2019-12-29,1283.1194
2019-12-30,1283.2897
2019-12-31,1283.4669
2020-01-01,1283.6604
2020-01-02,1283.897
2020-01-03,1284.0401
2020-01-05,1284.3979
2020-01-06,1284.5641
2020-01-07,1284.7416
2020-01-08,1284.9114
2020-01-09,1285.0939
2020-01-10,1285.2422
2020-01-12,1285.5991
2020-01-13,1285.7552
2020-01-14,1285.9258
2020-01-15,1286.0961
2020-01-16,1286.2789
2020-01-17,1286.4595
2020-01-19,1286.8207
2020-01-20,1287.0031
2020-01-21,1287.183
2020-01-22,1287.3632
2020-01-23,1287.5388
2020-01-24,1287.7191
2020-01-26,1288.0797
2020-01-27,1288.2581
2020-01-28,1288.4387
2020-01-29,1288.618
2020-01-30,1288.8004
2020-02-02,1289.3361
2020-02-03,1289.511
2020-02-04,1289.6939
2020-02-05,1289.8739
2020-02-06,1290.0662
2020-02-07,1290.2564
2020-02-09,1290.6203
2020-02-10,1290.8095
2020-02-11,1291.0108
2020-02-12,1291.2002
2020-02-13,1291.3874
2020-02-16,1291.9316
2020-02-17,1292.1131
2020-02-18,1292.2955
2020-02-19,1292.4769
2020-02-21,1292.8348
2020-02-23,1293.2014
2020-02-24,1293.3784
2020-02-25,1293.5592
2020-02-26,1293.7424
2020-02-27,1293.8769
2020-02-28,1294.0499
2020-03-01,1294.4201
2020-03-02,1294.5954
2020-03-03,1294.7992
2020-03-04,1295.0347
2020-03-05,1295.2513
2020-03-08,1295.865
2020-03-10,1296.2863
2020-03-11,1296.494
2020-03-12,1296.687
2020-03-14,1297.0445
2020-03-15,1297.2296
2020-03-16,1297.4136
2020-03-17,1297.5943
2020-03-18,1297.7564
2020-03-19,1297.8226
2020-03-22,1298.3982
2020-03-23,1298.5246
2020-03-24,1298.5665
2020-03-25,1298.7313
2020-03-26,1298.8639
2020-03-27,1299.1894
2020-03-28,1299.292
2020-03-29,1299.3946
2020-03-30,1299.5011
2020-03-31,1299.6414
2020-04-02,1299.8496
2020-04-03,1300.0107
2020-04-05,1300.2762
2020-04-06,1300.409
2020-04-07,1300.5518
2020-04-08,1300.6812
2020-04-09,1300.8191
2020-04-11,1301.0953
2020-04-12,1301.2334
2020-04-14,1301.527
2020-04-15,1301.6712
2020-04-16,1301.8216
2020-04-18,1302.1513
2020-04-19,1302.2974
2020-04-20,1302.4345
2020-04-21,1302.5287
2020-04-22,1302.704
2020-04-23,1302.8526
2020-04-25,1303.1103
2020-04-26,1303.2292
2020-04-27,1303.324
2020-04-28,1303.3991
2020-04-29,1303.5688
2020-04-30,1303.7068
2020-05-03,1304.0937
2020-05-04,1304.2099
2020-05-05,1304.338
2020-05-06,1304.4726
2020-05-07,1304.5975
2020-05-10,1304.975
2020-05-11,1305.1048
2020-05-12,1305.2527
2020-05-13,1305.3501
2020-05-14,1305.4887
2020-05-17,1305.8319
2020-05-18,1305.9668
2020-05-19,1306.0755
2020-05-20,1306.2375
2020-05-21,1306.3634
2020-05-22,1306.582
2020-05-25,1306.9087
2020-05-26,1307.0183
2020-05-27,1307.1023
2020-05-28,1307.1462
2020-05-29,1307.2422
2020-05-31,1307.4674
2020-06-01,1307.5695
2020-06-02,1307.6503
2020-06-03,1307.7615
2020-06-04,1307.8653
2020-06-07,1308.1937
2020-06-08,1308.3229
2020-06-09,1308.452
2020-06-10,1308.572
2020-06-11,1308.6993
2020-06-14,1309.0692
2020-06-15,1309.1898
2020-06-16,1309.3125
2020-06-17,1309.428
2020-06-18,1309.5532
2020-06-21,1309.8857
2020-06-22,1310.0129
2020-06-23,1310.119
2020-06-24,1310.2812
2020-06-25,1310.383
2020-06-28,1310.6755
2020-06-29,1310.7652
2020-06-30,1310.9536
2020-07-01,1311.0601
2020-07-02,1311.1856
2020-07-05,1311.4914
2020-07-06,1311.5835
2020-07-07,1311.6895
2020-07-08,1311.8053
2020-07-09,1311.9241
2020-07-12,1312.2582
2020-07-13,1312.3734
2020-07-14,1312.4784
2020-07-15,1312.588
2020-07-16,1312.6887
2020-07-19,1313.0359
2020-07-20,1313.1483
2020-07-21,1313.2661
2020-07-22,1313.3812
2020-07-23,1313.489
2020-07-26,1313.8441
2020-07-27,1313.9567
2020-07-28,1314.0403
2020-07-29,1314.146
2020-07-30,1314.2703
2020-07-31,1314.3894
2020-08-02,1314.6263
2020-08-03,1314.7425
2020-08-04,1314.8606
2020-08-05,1314.9924
2020-08-06,1315.1039
2020-08-09,1315.4479
2020-08-10,1315.5679
2020-08-11,1315.6885
2020-08-12,1315.8051
2020-08-13,1315.9278
2020-08-14,1316.0421
2020-08-16,1316.2728
2020-08-17,1316.3986
2020-08-18,1316.5112
2020-08-19,1316.6668
2020-08-20,1316.7937
2020-08-23,1317.1187
2020-08-24,1317.2013
2020-08-25,1317.2981
2020-08-26,1317.4256
2020-08-27,1317.5423
2020-08-30,1317.8636
2020-08-31,1317.979
2020-09-01,1318.1101
2020-09-02,1318.2331
2020-09-03,1318.3487
2020-09-06,1318.6799
2020-09-07,1318.7725
2020-09-08,1318.8569
2020-09-09,1318.953
2020-09-10,1319.063
2020-09-13,1319.3756
2020-09-14,1319.4933
2020-09-15,1319.6214
2020-09-16,1319.747
2020-09-17,1319.8586
2020-09-20,1320.2036
2020-09-21,1320.305
2020-09-22,1320.423
2020-09-23,1320.5457
2020-09-24,1320.6863
2020-09-27,1321.0501
2020-09-28,1321.1815
2020-09-29,1321.3238
2020-09-30,1321.5242
2020-10-04,1321.9669
2020-10-05,1322.0696
2020-10-06,1322.1842
2020-10-07,1322.3077
2020-10-08,1322.4136
2020-10-11,1322.7947
2020-10-12,1322.9038
2020-10-13,1323.0319
2020-10-14,1323.1544
2020-10-15,1323.2797
2020-10-18,1323.6388
2020-10-19,1323.7545
2020-10-20,1323.8819
2020-10-21,1324.0109
2020-10-22,1324.1154
2020-10-25,1324.4594
2020-10-26,1324.5517
2020-10-27,1324.6563
2020-10-28,1324.7711
2020-10-29,1324.8781
2020-10-30,1324.9907
2020-11-01,1325.2161
2020-11-02,1325.3228
2020-11-03,1325.4585
2020-11-04,1325.5844
2020-11-05,1325.6982
2020-11-08,1326.0665
2020-11-09,1326.1691
2020-11-10,1326.2718
2020-11-11,1326.4102
2020-11-12,1326.582
2020-11-16,1327.0038
2020-11-17,1327.1293
2020-11-18,1327.3083
2020-11-19,1327.4746
2020-11-22,1327.7649
2020-11-23,1327.8241
2020-11-24,1327.9189
2020-11-25,1328.0631
2020-11-26,1328.2019
2020-11-30,1328.5811
2020-12-01,1328.6324
2020-12-02,1328.6676
2020-12-03,1328.7734
2020-12-06,1329.0969
2020-12-07,1329.1919
2020-12-08,1329.2866
2020-12-09,1329.39
2020-12-10,1329.5209
2020-12-13,1329.8439
2020-12-14,1329.9484
2020-12-15,1330.0385
2020-12-16,1330.1562
2020-12-17,1330.2659
2020-12-20,1330.6073
2020-12-21,1330.7201
2020-12-22,1330.8323
2020-12-23,1330.9544
2020-12-27,1331.4099
2020-12-28,1331.5278
2020-12-29,1331.6472
2020-12-30,1331.7713
2020-12-31,1331.9018
2021-01-03,1332.2368
2021-01-04,1332.34
2021-01-05,1332.4402
2021-01-06,1332.5178
2021-01-07,1332.6041
2021-01-10,1332.9415
2021-01-11,1332.9856
2021-01-12,1333.1097
2021-01-13,1333.2402
2021-01-14,1333.3521
2021-01-17,1333.6403
2021-01-18,1333.7387
2021-01-19,1333.8508
2021-01-20,1333.9757
2021-01-21,1334.0919
2021-01-24,1334.4302
2021-01-26,1334.6685
2021-01-27,1334.8009
2021-01-28,1334.9219
2021-01-31,1335.2958
2021-02-01,1335.4281
2021-02-02,1335.5517
2021-02-03,1335.6576
2021-02-04,1335.774
2021-02-07,1336.1425
2021-02-08,1336.262
2021-02-09,1336.3695
2021-02-10,1336.4849
2021-02-11,1336.5945
2021-02-12,1336.7214
2021-02-14,1336.9548
2021-02-15,1337.0847
2021-02-16,1337.2128
2021-02-17,1337.379
2021-02-18,1337.5273
2021-02-21,1337.8453
2021-02-22,1337.9496
2021-02-23,1338.0512
2021-02-24,1338.179
2021-02-25,1338.2907
2021-02-28,1338.5402
2021-03-01,1338.6493
2021-03-02,1338.7673
2021-03-03,1338.8651
2021-03-04,1338.9404
2021-03-07,1339.2582
2021-03-08,1339.3668
2021-03-09,1339.4853
2021-03-11,1339.7439
2021-03-14,1340.0809
2021-03-15,1340.1964
2021-03-16,1340.3004
2021-03-17,1340.4479
2021-03-18,1340.574
2021-03-21,1341.0119
2021-03-22,1341.1408
2021-03-23,1341.3041
2021-03-24,1341.443
2021-03-25,1341.5615
2021-03-26,1341.7078
2021-03-29,1342.0691
2021-03-30,1342.221
2021-03-31,1342.3887
2021-04-04,1342.8615
2021-04-05,1343.0046
2021-04-06,1343.1438
2021-04-07,1343.2516
2021-04-08,1343.3524
2021-04-11,1343.6744
2021-04-12,1343.7898
2021-04-14,1344.025
2021-04-15,1344.14
2021-04-18,1344.4847
2021-04-19,1344.6108
2021-04-21,1344.8546
2021-04-22,1344.9844
2021-04-25,1345.3372
2021-04-26,1345.4681
2021-04-27,1345.5835
2021-04-28,1345.6998
2021-04-29,1345.8125
2021-04-30,1345.9053
2021-05-02,1346.142
2021-05-03,1346.2504
2021-05-04,1346.3629
2021-05-05,1346.4678
2021-05-06,1346.5651
2021-05-09,1346.9397
2021-05-10,1347.0459
2021-05-11,1347.1678
2021-05-13,1347.4001
2021-05-16,1347.7696
2021-05-17,1347.8851
2021-05-18,1348.0048
2021-05-19,1348.1183
2021-05-20,1348.2438
2021-05-23,1348.6128
2021-05-24,1348.7209
2021-05-25,1348.8515
2021-05-26,1348.9732
2021-05-27,1349.0931
2021-05-30,1349.4736
2021-05-31,1349.5898
2021-06-01,1349.7009
2021-06-02,1349.827
2021-06-03,1349.9621
2021-06-06,1350.3223
2021-06-07,1350.4367
2021-06-08,1350.555
2021-06-09,1350.6848
2021-06-10,1350.8047
2021-06-13,1351.1684
2021-06-14,1351.287
2021-06-15,1351.3939
2021-06-16,1351.4862
2021-06-17,1351.6014
2021-06-20,1351.9765
2021-06-21,1352.1168
2021-06-22,1352.2594
2021-06-23,1352.3885
2021-06-24,1352.5129
2021-06-27,1352.8899
2021-06-28,1353.0131
2021-06-29,1353.1391
2021-06-30,1353.2656
2021-07-01,1353.4117
2021-07-04,1353.7506
2021-07-05,1353.8547
2021-07-06,1353.9605
2021-07-07,1354.0973
2021-07-08,1354.2161
2021-07-11,1354.5823
2021-07-12,1354.7153
2021-07-13,1354.8424
2021-07-14,1354.9767
2021-07-15,1355.1053
2021-07-18,1355.4661
2021-07-19,1355.5921
2021-07-21,1355.8356
2021-07-22,1355.9715
2021-07-25,1356.3507
2021-07-26,1356.4775
2021-07-27,1356.6029
2021-07-28,1356.7307
2021-07-29,1356.8466
2021-08-01,1357.209
2021-08-02,1357.3339
2021-08-03,1357.4389
2021-08-04,1357.5633
2021-08-05,1357.6868
2021-08-08,1358.0663
2021-08-09,1358.2054
2021-08-10,1358.3406
2021-08-11,1358.4702
2021-08-12,1358.632
2021-08-15,1359.0088
2021-08-16,1359.1285
2021-08-17,1359.2605
2021-08-19,1359.5097
2021-08-22,1359.8593
2021-08-23,1359.986
2021-08-24,1360.1033
2021-08-25,1360.2292
2021-08-26,1360.3548
2021-08-29,1360.7197
2021-08-30,1360.8421
2021-08-31,1360.9556
2021-09-01,1361.0826
2021-09-02,1361.1974
2021-09-05,1361.5405
2021-09-06,1361.6557
2021-09-07,1361.762
2021-09-08,1361.8839
2021-09-12,1362.3488
2021-09-13,1362.4575
2021-09-14,1362.5819
2021-09-15,1362.6942
2021-09-16,1362.8136
2021-09-19,1363.1617
2021-09-20,1363.274
2021-09-21,1363.3936
2021-09-22,1363.5022
2021-09-23,1363.631
2021-09-26,1363.9889
2021-09-27,1364.1086
2021-09-28,1364.2073
2021-09-29,1364.3101
2021-09-30,1364.454
2021-10-03,1364.8487
2021-10-04,1364.9817
2021-10-05,1365.1131
2021-10-06,1365.2278
2021-10-07,1365.3527
2021-10-10,1365.7395
2021-10-11,1365.8916
2021-10-12,1366.0142
2021-10-13,1366.1381
2021-10-17,1366.5927
2021-10-18,1366.6574
2021-10-19,1366.7825
2021-10-20,1366.8962
2021-10-21,1367.0129
2021-10-22,1367.1315
2021-10-23,1367.2584
2021-10-24,1367.3858
2021-10-25,1367.421
2021-10-26,1367.5313
2021-10-27,1367.6606
2021-10-28,1367.7606
2021-10-31,1368.1714
2021-11-01,1368.2963
2021-11-02,1368.4233
2021-11-07,1369.1239
2021-11-08,1369.3232
2021-11-09,1369.4594
2021-11-10,1369.5856
2021-11-11,1369.7286
2021-11-14,1370.1162
2021-11-15,1370.244
2021-11-16,1370.3579
2021-11-17,1370.4801
2021-11-21,1370.9896
2021-11-22,1371.0885
2021-11-23,1371.2157
2021-11-24,1371.384
2021-11-25,1371.5131
2021-11-28,1371.8788
2021-11-29,1372.0062
2021-11-30,1372.1334
2021-12-01,1372.2496
2021-12-02,1372.3826
2021-12-05,1372.7651
2021-12-06,1372.8842
2021-12-07,1372.9988
2021-12-08,1373.141
2021-12-09,1373.2653
2021-12-12,1373.6458
2021-12-13,1373.768
2021-12-14,1373.8969
2021-12-15,1374.0248
2021-12-16,1374.1384
2021-12-19,1374.5709
2021-12-20,1374.7209
2021-12-21,1374.8282
2021-12-22,1374.9739
2021-12-23,1375.1152
2021-12-26,1375.5148
2021-12-27,1375.6569
2021-12-28,1375.7757
2021-12-29,1375.9075
2021-12-30,1376.0369
2022-01-02,1376.4475
2022-01-03,1376.5874
2022-01-04,1376.7202
2022-01-05,1376.8622
2022-01-06,1376.9989
2022-01-09,1377.3793
2022-01-10,1377.4774
2022-01-11,1377.6164
2022-01-12,1377.7506
2022-01-13,1377.897
2022-01-16,1378.269
2022-01-17,1378.3829
2022-01-18,1378.4796
2022-01-19,1378.5411
2022-01-20,1378.6585
2022-01-23,1379.0748
2022-01-24,1379.1997
2022-01-26,1379.4795
2022-01-27,1379.6234
2022-01-30,1380.045
2022-01-31,1380.1901
2022-02-01,1380.3292
2022-02-02,1380.4358
2022-02-03,1380.5974
2022-02-06,1380.9857
2022-02-07,1381.1205
2022-02-08,1381.2538
2022-02-09,1381.394
2022-02-10,1381.5359
2022-02-13,1381.951
2022-02-14,1382.1134
2022-02-15,1382.2491
2022-02-16,1382.4015
2022-02-17,1382.5407
2022-02-20,1382.9273
2022-02-21,1383.0474
2022-02-22,1383.1628
2022-02-23,1383.3258
2022-02-24,1383.4573
2022-02-27,1383.8693
2022-03-01,1384.1336
2022-03-02,1384.2412
2022-03-03,1384.3671
2022-03-06,1384.765
2022-03-07,1384.8899
2022-03-08,1385.0327
2022-03-09,1385.161
2022-03-10,1385.3013
2022-03-13,1385.7181
2022-03-14,1385.8571
2022-03-15,1386.0032
2022-03-16,1386.1412
2022-03-20,1386.6985
2022-03-21,1386.8379
2022-03-22,1386.9653
2022-03-23,1387.0989
2022-03-24,1387.2332
2022-03-27,1387.6422
2022-03-28,1387.7811
2022-03-29,1387.9026
2022-03-30,1388.0503
2022-03-31,1388.289
2022-04-01,1388.4244
2022-04-03,1388.6955
2022-04-04,1388.8598
2022-04-05,1388.9935
2022-04-06,1389.12
2022-04-07,1389.2555
2022-04-08,1389.3118
2022-04-10,1389.5903
2022-04-11,1389.7464
2022-04-12,1389.8888
2022-04-13,1390.0189
2022-04-17,1390.5711
2022-04-18,1390.716
2022-04-19,1390.8988
2022-04-20,1391.0515
2022-04-21,1391.1961
2022-04-24,1391.5753
2022-04-25,1391.7006
2022-04-26,1391.7981
2022-04-27,1391.9372
2022-04-28,1392.0582
2022-05-01,1392.457
2022-05-03,1392.7921
2022-05-04,1392.7193
2022-05-05,1392.7812
2022-05-08,1393.2877
2022-05-09,1393.432
2022-05-10,1393.588
2022-05-11,1393.7852
2022-05-12,1393.9646
2022-05-15,1394.4571
2022-05-16,1394.6208
2022-05-17,1394.7982
2022-05-18,1394.9557
2022-05-19,1395.1202
2022-05-22,1395.6237
2022-05-23,1395.783
2022-05-24,1395.9459
2022-05-25,1396.1153
2022-05-26,1396.2853
2022-05-29,1396.7797
2022-05-30,1396.9499
2022-05-31,1397.114
2022-06-01,1397.289
2022-06-02,1397.461
2022-06-05,1397.9607
2022-06-06,1398.131
2022-06-07,1398.2648
2022-06-08,1398.4981
2022-06-09,1398.6666
2022-06-12,1399.2079
2022-06-13,1399.3847
2022-06-14,1399.5889
2022-06-15,1399.737
2022-06-16,1399.9253
2022-06-19,1400.3742
2022-06-20,1400.561
2022-06-21,1400.7548
2022-06-22,1400.9582
2022-06-23,1401.1616
2022-06-26,1401.7292
2022-06-27,1401.8583
2022-06-28,1402.0434
2022-06-29,1402.2424
2022-06-30,1402.4928
2022-07-03,1403.0658
2022-07-04,1403.2526
2022-07-05,1403.4489
2022-07-06,1403.6693
2022-07-07,1403.8698
2022-07-10,1404.411
2022-07-11,1404.5904
2022-07-12,1404.769
2022-07-13,1404.9559
2022-07-14,1405.1738
2022-07-17,1405.7061
2022-07-18,1405.8805
2022-07-19,1406.0174
2022-07-20,1406.144
2022-07-21,1406.2871
2022-07-24,1406.8382
2022-07-25,1407.0035
2022-07-26,1407.1162
2022-07-27,1407.2097
2022-07-28,1407.389
2022-07-31,1408.0333
2022-08-01,1408.3602
2022-08-02,1408.6351
2022-08-03,1408.8518
2022-08-04,1409.0261
2022-08-07,1409.5941
2022-08-09,1410.0051
2022-08-10,1410.2317
2022-08-11,1410.4566
2022-08-15,1411.2652
2022-08-16,1411.4843
2022-08-17,1411.7183
2022-08-18,1411.9644
2022-08-21,1412.6235
2022-08-22,1412.8305
2022-08-23,1413.0275
2022-08-24,1413.2405
2022-08-25,1413.4473
2022-08-28,1414.0717
2022-08-29,1414.3056
2022-08-31,1414.6967
2022-09-01,1414.9279
2022-09-04,1415.6101
2022-09-05,1415.8398
2022-09-06,1416.0776
2022-09-07,1416.2923
2022-09-08,1416.4913
2022-09-11,1417.1188
2022-09-12,1417.2867
2022-09-13,1417.4719
2022-09-14,1417.6449
2022-09-15,1417.8108
2022-09-18,1418.4104
2022-09-19,1418.5681
2022-09-20,1418.7117
2022-09-21,1418.8979
2022-09-22,1419.1265
2022-09-25,1419.8056
2022-09-26,1419.9172
2022-09-27,1419.9328
2022-09-28,1420.0554
2022-09-29,1420.494
2022-10-02,1421.4791
2022-10-03,1422.0856
2022-10-05,1422.5721
2022-10-06,1422.7921
2022-10-09,1423.3942
2022-10-10,1423.5861
2022-10-11,1423.6251
2022-10-12,1423.8043
2022-10-13,1424.0212
2022-10-16,1424.7293
2022-10-17,1424.98
2022-10-18,1425.253
2022-10-19,1425.4665
2022-10-20,1425.7025
2022-10-24,1426.5546
2022-10-26,1427.0596
2022-10-27,1427.3159
2022-10-30,1428.0523
2022-10-31,1428.3196
2022-11-01,1428.6292
2022-11-02,1428.9613
2022-11-03,1429.2484
2022-11-06,1429.9706
2022-11-08,1430.5032
2022-11-09,1430.7353
2022-11-10,1430.9976
2022-11-13,1431.7532
2022-11-14,1432.0205
2022-11-15,1432.2699
2022-11-16,1432.5446
2022-11-17,1432.8232
2022-11-20,1433.5843
2022-11-21,1433.8239
2022-11-22,1434.0703
2022-11-23,1434.3211
2022-11-24,1434.5655
2022-11-27,1435.3312
2022-11-28,1435.6316
2022-11-29,1435.9162
2022-11-30,1436.197
2022-12-01,1436.4358
2022-12-04,1437.1765
2022-12-05,1437.4314
2022-12-06,1437.7118
2022-12-07,1437.9319
2022-12-08,1438.203
2022-12-11,1438.9756
2022-12-12,1439.2293
2022-12-13,1439.4661
2022-12-14,1439.7126
2022-12-15,1439.9327
2022-12-18,1440.6978
2022-12-19,1440.9673
2022-12-20,1441.2369
2022-12-21,1441.5529
2022-12-22,1441.8204
2022-12-25,1442.6176
2022-12-26,1442.8351
2022-12-27,1443.1197
2022-12-28,1443.4326
2022-12-29,1443.7979
2023-01-01,1444.7506
2023-01-02,1445.1505
2023-01-03,1445.4437
2023-01-04,1445.6913
2023-01-05,1445.9597
2023-01-08,1446.713
2023-01-09,1446.9752
2023-01-10,1447.2134
2023-01-11,1447.4395
2023-01-12,1447.6709
2023-01-15,1448.3634
2023-01-16,1448.6042
2023-01-17,1448.8532
2023-01-18,1449.09
2023-01-19,1449.3477
2023-01-22,1450.1036
2023-01-23,1450.3274
2023-01-24,1450.5755
2023-01-26,1451.0998
2023-01-29,1451.8931
2023-01-30,1452.1368
2023-01-31,1452.3896
2023-02-01,1452.6972
2023-02-02,1452.9836
2023-02-05,1453.7638
2023-02-06,1454.0536
2023-02-07,1454.3098
2023-02-08,1454.5472
2023-02-09,1454.7839
2023-02-12,1455.6055
2023-02-13,1455.9048
2023-02-14,1456.1613
2023-02-15,1456.3918
2023-02-16,1456.6489
2023-02-19,1457.4144
2023-02-20,1457.6434
2023-02-21,1457.9126
2023-02-22,1458.1437
2023-02-23,1458.3649
2023-02-26,1459.1523
2023-02-27,1459.3589
2023-02-28,1459.5664
2023-03-01,1459.7921
2023-03-02,1460.051
2023-03-05,1460.8804
2023-03-07,1461.4375
2023-03-08,1461.7216
2023-03-09,1462.0314
2023-03-12,1463.1102
2023-03-13,1463.5175
2023-03-14,1463.8034
2023-03-15,1463.9825
2023-03-16,1464.2438
2023-03-19,1465.0795
2023-03-20,1465.4169
2023-03-21,1465.8943
2023-03-22,1466.1794
2023-03-23,1466.5233
2023-03-26,1467.3163
2023-03-27,1467.2774
2023-03-28,1467.018
2023-03-30,1468.3952
2023-03-31,1469.1717
2023-04-02,1469.7695
2023-04-04,1470.5424
2023-04-05,1470.7908
2023-04-09,1472.1524
2023-04-10,1472.4647
2023-04-11,1472.7576
2023-04-12,1473.0911
2023-04-13,1473.3793
2023-04-16,1474.2085
2023-04-17,1474.5235
2023-04-18,1474.7561
2023-04-19,1474.9957
2023-04-20,1475.2748
2023-04-23,1476.0351
2023-04-24,1476.2997
2023-04-25,1476.5175
2023-04-26,1476.7824
2023-04-27,1477.028
2023-04-28,1477.2184
2023-05-01,1478.0767
2023-05-02,1478.3754
2023-05-03,1478.6487
2023-05-04,1478.9145
2023-05-07,1479.7762
2023-05-08,1480.0948
2023-05-09,1480.3655
2023-05-10,1480.6471
2023-05-11,1480.9411
2023-05-14,1481.7582
2023-05-15,1482.0394
2023-05-16,1482.3772
2023-05-17,1482.76
2023-05-18,1483.1143
2023-05-21,1483.9712
2023-05-22,1484.3711
2023-05-23,1484.6076
2023-05-24,1484.8361
2023-05-25,1485.1148
2023-05-28,1485.9523
2023-05-29,1486.1458
2023-05-30,1486.4411
2023-05-31,1486.738
2023-06-01,1487.0532
2023-06-04,1487.9306
2023-06-05,1488.2486
2023-06-06,1488.4965
2023-06-07,1488.7528
2023-06-08,1488.9876
2023-06-11,1489.7462
2023-06-12,1490.0194
2023-06-13,1490.2682
2023-06-14,1490.5613
2023-06-15,1490.8778
2023-06-18,1491.7099
2023-06-19,1491.9826
2023-06-20,1492.289
2023-06-21,1492.6049
2023-06-22,1492.8698
2023-06-25,1493.6721
2023-06-26,1493.8822
2023-06-27,1494.1375
2023-06-29,1494.6869
2023-07-02,1495.533
2023-07-03,1495.9428
2023-07-04,1496.2498
2023-07-05,1496.5635
2023-07-06,1496.8532
2023-07-09,1497.6786
2023-07-10,1497.9275
2023-07-11,1498.181
2023-07-12,1498.513
2023-07-13,1498.826
2023-07-16,1499.6456
2023-07-17,1499.9304
2023-07-18,1500.2116
2023-07-19,1500.5101
2023-07-20,1500.7794
2023-07-23,1501.6021
2023-07-24,1501.8813
2023-07-25,1502.1488
2023-07-26,1502.4437
2023-07-27,1502.7253
2023-07-30,1503.5287
2023-07-31,1503.8063
2023-08-01,1504.1019
2023-08-02,1504.4063
2023-08-03,1504.6857
2023-08-06,1505.5197
2023-08-07,1505.7622
2023-08-08,1506.0115
2023-08-09,1506.2861
2023-08-10,1506.4936
2023-08-13,1507.3284
2023-08-15,1507.8663
2023-08-16,1508.1482
2023-08-17,1508.3875
2023-08-20,1509.2325
2023-08-21,1509.4919
2023-08-22,1509.7983
2023-08-23,1510.0831
2023-08-24,1510.3706
2023-08-27,1511.2293
2023-08-28,1511.5318
2023-08-29,1511.8064
2023-08-30,1512.0971
2023-08-31,1512.4065
2023-09-03,1513.3098
2023-09-04,1513.5996
2023-09-05,1513.8999
2023-09-06,1514.1697
2023-09-07,1514.4318
2023-09-10,1515.2649
2023-09-11,1515.5429
2023-09-12,1515.7821
2023-09-13,1516.0548
2023-09-14,1516.3845
2023-09-17,1517.2437
2023-09-19,1517.8058
2023-09-20,1518.0723
2023-09-21,1518.3695
2023-09-24,1519.227
2023-09-25,1519.5123
2023-09-26,1519.7365
2023-09-27,1520.0818
2023-09-28,1520.3593
2023-09-29,1520.7339
2023-10-02,1521.6472
2023-10-03,1521.9624
2023-10-04,1522.2547
2023-10-05,1522.5858
2023-10-08,1523.3641
2023-10-09,1523.6493
2023-10-10,1523.91
2023-10-11,1524.1993
2023-10-12,1524.4906
2023-10-15,1525.3499
2023-10-16,1525.6459
2023-10-17,1525.9356
2023-10-18,1526.2553
2023-10-19,1526.4829
2023-10-22,1527.2991
2023-10-24,1527.8879
2023-10-25,1528.1623
2023-10-26,1528.4527
2023-10-27,1528.7124
2023-10-29,1529.3184
2023-10-30,1529.6218
2023-10-31,1529.9131
2023-11-01,1530.2262
2023-11-02,1530.5543
2023-11-05,1531.4313
2023-11-06,1531.7305
2023-11-07,1532.0184
2023-11-08,1532.3022
2023-11-09,1532.5771
2023-11-12,1533.4428
2023-11-14,1534.0647
2023-11-15,1534.3726
2023-11-16,1534.6665
2023-11-19,1535.5395
2023-11-20,1535.8396
2023-11-21,1536.1325
2023-11-22,1536.4239
2023-11-23,1536.6943
2023-11-24,1536.9925
2023-11-27,1537.8939
2023-11-28,1538.1933
2023-11-29,1538.4712
2023-11-30,1538.7462
2023-12-03,1539.623
2023-12-04,1539.9123
2023-12-05,1540.2239
2023-12-06,1540.5434
2023-12-07,1540.8579
2023-12-10,1541.7506
2023-12-11,1541.9959
2023-12-12,1542.2425
2023-12-13,1542.5188
2023-12-14,1542.7789
2023-12-15,1543.0225
2023-12-17,1543.6489
2023-12-18,1543.9311
2023-12-19,1544.2698
2023-12-20,1544.5871
2023-12-21,1544.9034
2023-12-22,1545.1955
2023-12-25,1546.1287
2023-12-26,1546.4212
2023-12-27,1546.655
2023-12-28,1547.103
2023-12-29,1547.6917
2023-12-30,1548.013
2023-12-31,1548.3345
2024-01-01,1548.7438
2024-01-02,1549.1077
2024-01-03,1549.4218
2024-01-04,1549.7692
2024-01-07,1550.7132
2024-01-08,1551.052
2024-01-09,1551.4189
2024-01-10,1551.7401
2024-01-11,1552.0365
2024-01-12,1552.3514
2024-01-14,1552.9642
2024-01-15,1553.2391
2024-01-16,1553.516
2024-01-17,1553.7817
2024-01-18,1554.0625
2024-01-19,1554.3225
2024-01-21,1554.9345
2024-01-22,1555.2383
2024-01-23,1555.4726
2024-01-24,1555.7325
2024-01-27,1556.5976
2024-01-28,1556.9066
2024-01-29,1557.2344
2024-01-30,1557.5407
2024-01-31,1557.8611
2024-02-01,1558.1732
2024-02-04,1559.1545
2024-02-05,1559.4694
2024-02-06,1559.7451
2024-02-07,1560.0724
2024-02-08,1560.3601
2024-02-11,1561.2772
2024-02-12,1561.5581
2024-02-13,1561.8863
2024-02-14,1562.2087
2024-02-15,1562.6004
2024-02-18,1563.5633
2024-02-19,1563.8818
2024-02-20,1564.2377
2024-02-21,1564.5926
2024-02-22,1564.9768
2024-02-25,1565.9194
2024-02-26,1566.2067
2024-02-27,1566.5367
2024-02-28,1566.8532
2024-02-29,1567.1774
2024-03-03,1568.1256
2024-03-04,1568.4557
2024-03-05,1568.7815
2024-03-06,1569.1165
2024-03-10,1570.3663
2024-03-11,1570.6796
2024-03-12,1571.0059
2024-03-13,1571.3285
2024-03-14,1571.6134
2024-03-17,1572.5351
2024-03-18,1572.8515
2024-03-19,1573.1658
2024-03-20,1573.4669
2024-03-21,1573.7086
2024-03-25,1574.8581
2024-03-26,1575.0435
2024-03-27,1575.3561
2024-03-28,1576.4084
2024-03-31,1577.4083
2024-04-01,1577.7373
2024-04-02,1578.7704
2024-04-03,1579.0787
2024-04-04,1579.4521
2024-04-07,1580.4108
2024-04-08,1580.8487
2024-04-09,1581.1513
2024-04-11,1581.9419
2024-04-14,1582.8599
2024-04-15,1583.2135
2024-04-17,1583.8391
2024-04-18,1584.1271
2024-04-19,1584.3735
2024-04-21,1584.9681
2024-04-22,1585.2804
2024-04-23,1585.5671
2024-04-24,1585.8451
2024-04-25,1586.0293
2024-04-28,1586.8633
2024-04-29,1587.1335
2024-05-01,1587.7017
2024-05-02,1588.0663
2024-05-05,1589.0047
2024-05-06,1589.3131
2024-05-07,1589.5406
2024-05-08,1589.7603
2024-05-09,1590.0377
2024-05-12,1590.9184
2024-05-13,1591.2402
2024-05-14,1591.5859
2024-05-15,1591.9436
2024-05-16,1592.2856
2024-05-20,1593.5255
2024-05-21,1593.9673
2024-05-22,1594.2707
2024-05-23,1594.5843
2024-05-26,1595.521
2024-05-27,1595.8241
2024-05-28,1596.1393
2024-05-29,1596.4492
2024-05-30,1596.7508
2024-05-31,1597.0587
2024-06-02,1597.6732
2024-06-03,1598.0009
2024-06-04,1598.2962
2024-06-05,1598.6177
2024-06-06,1598.9342
2024-06-09,1599.8484
2024-06-10,1600.1596
2024-06-11,1600.481
2024-06-12,1600.7925
2024-06-13,1601.1105
2024-06-17,1602.3387
2024-06-18,1602.6239
2024-06-19,1602.9519
2024-06-20,1603.2749
2024-06-23,1604.1984
2024-06-24,1604.4954
2024-06-25,1604.7222
2024-06-26,1604.9835
2024-06-27,1605.2909
2024-06-28,1605.7166
2024-06-30,1606.3409
2024-07-01,1606.8658
2024-07-02,1607.3618
2024-07-03,1607.691
2024-07-04,1607.9894
2024-07-06,1608.5261
2024-07-07,1608.8344
2024-07-08,1609.0901
2024-07-09,1609.388
2024-07-10,1609.7154
2024-07-11,1610.0694
2024-07-12,1610.4066
2024-07-14,1611.0135
2024-07-15,1611.3422
2024-07-17,1611.9279
2024-07-18,1612.2657
2024-07-21,1613.1861
2024-07-22,1613.5081
2024-07-23,1613.8023
2024-07-24,1614.105
2024-07-25,1614.4234
2024-07-28,1615.3137
2024-07-29,1615.6039
2024-07-30,1615.9248
2024-07-31,1616.2397
2024-08-01,1616.5454
2024-08-04,1617.4481
2024-08-05,1617.753
2024-08-06,1618.0423
2024-08-07,1618.3632
2024-08-08,1618.6681
2024-08-11,1619.6062
2024-08-12,1619.8959
2024-08-13,1620.2048
2024-08-15,1620.8325
2024-08-18,1621.7726
2024-08-19,1622.0729
2024-08-20,1622.4002
2024-08-21,1622.7069
2024-08-22,1623.0159
2024-08-25,1623.9466
2024-08-26,1624.2393
2024-08-27,1624.5521
2024-08-28,1624.8598
2024-08-29,1625.1633
2024-08-30,1625.4495
2024-09-01,1626.0855
2024-09-02,1626.4237
2024-09-03,1626.7326
2024-09-04,1627.0433
2024-09-05,1627.3371
2024-09-08,1628.2572
2024-09-09,1628.5678
2024-09-10,1628.8437
2024-09-11,1629.146
2024-09-12,1629.4658
2024-09-15,1630.3876
2024-09-16,1630.7126
2024-09-17,1631.0269
2024-09-18,1631.341
2024-09-19,1631.6928
2024-09-22,1632.6677
2024-09-23,1633.0147
2024-09-24,1633.351
2024-09-25,1633.6353
2024-09-26,1633.9905
2024-09-29,1634.97
2024-09-30,1635.4863
2024-10-02,1636.2074
2024-10-03,1636.6272
2024-10-06,1637.5895
2024-10-07,1637.8968
2024-10-08,1638.2245
2024-10-09,1638.5839
2024-10-10,1638.9049
2024-10-13,1639.8536
2024-10-14,1640.126
2024-10-15,1640.4024
2024-10-16,1640.7169
2024-10-17,1641.0056
2024-10-20,1641.9269
2024-10-21,1642.2274
2024-10-22,1642.4938
2024-10-23,1642.8023
2024-10-24,1643.1047
2024-10-27,1644.0442
2024-10-28,1644.3371
2024-10-29,1644.656
2024-10-30,1644.9821
2024-11-03,1646.2282
2024-11-04,1646.5911
2024-11-05,1646.9857
2024-11-06,1647.3116
2024-11-07,1647.6295
2024-11-10,1648.5502
2024-11-11,1648.8527
2024-11-12,1649.1684
2024-11-13,1649.4825
2024-11-17,1650.7406
2024-11-18,1651.0355
2024-11-20,1651.6628
2024-11-21,1651.944
2024-11-23,1652.5336
2024-11-24,1652.8609
2024-11-25,1653.1816
2024-11-26,1653.4751
2024-11-27,1653.793
2024-11-28,1654.0882
2024-11-29,1654.4144
2024-12-01,1655.0394
2024-12-02,1655.3681
2024-12-03,1655.656
2024-12-04,1655.9713
2024-12-05,1656.2956
2024-12-06,1656.6929
2024-12-08,1657.3158
2024-12-09,1657.6339
2024-12-10,1657.9243
2024-12-11,1658.1917
2024-12-12,1658.4681
2024-12-13,1658.6675
2024-12-14,1658.9899
2024-12-15,1659.3125
2024-12-16,1659.7177
2024-12-17,1660.0011
2024-12-18,1660.2809
2024-12-19,1660.5293
2024-12-22,1661.4904
2024-12-23,1661.6844
2024-12-25,1662.0794
2024-12-26,1662.3916
2024-12-29,1663.4105
2024-12-30,1663.7867
2024-12-31,1664.5766
2025-01-01,1665.0004
2025-01-02,1665.4575
2025-01-05,1666.3778
2025-01-06,1666.7108
2025-01-07,1667.0027
2025-01-08,1667.1711
2025-01-09,1667.388
2025-01-12,1668.3708
2025-01-13,1668.7062
2025-01-14,1669.0546
2025-01-15,1669.4396
2025-01-16,1669.8242
2025-01-19,1670.7769
2025-01-20,1671.0923
2025-01-21,1671.4123
2025-01-22,1671.6841
2025-01-23,1672.0084
2025-01-26,1672.9511
2025-01-27,1673.2996
2025-01-28,1673.6492
2025-01-29,1674.0004
2025-01-30,1674.3243
2025-02-02,1675.2939
2025-02-03,1675.6325
2025-02-04,1676.0261
2025-02-05,1676.4498
2025-02-06,1676.844
2025-02-09,1677.8115
2025-02-10,1678.1043
2025-02-11,1678.476
2025-02-12,1678.8521
2025-02-13,1679.1704
2025-02-16,1680.1123
2025-02-17,1680.411
2025-02-18,1680.7272
2025-02-19,1681.0436
2025-02-20,1681.3476
2025-02-23,1682.3371
2025-02-24,1682.6991
2025-02-26,1683.302
2025-02-27,1683.585
2025-02-28,1683.863
2025-03-02,1684.5137
2025-03-03,1684.8296
2025-03-04,1685.1554
2025-03-05,1685.4706
2025-03-06,1685.7916
2025-03-09,1686.6924
2025-03-10,1686.9999
2025-03-11,1687.2797
2025-03-12,1687.5947
2025-03-15,1688.5829
2025-03-16,1688.91
2025-03-17,1689.2102
2025-03-18,1689.4704
2025-03-19,1689.8133
2025-03-20,1690.1687
2025-03-23,1691.3
2025-03-24,1691.8096
2025-03-25,1692.2459
2025-03-26,1692.6444
2025-03-27,1692.6574
2025-03-28,1694.4635
2025-03-30,1695.1453
2025-03-31,1695.4866
2025-04-01,1695.8277
2025-04-02,1696.9141
2025-04-03,1697.8525
2025-04-06,1698.7947
2025-04-07,1698.9907
2025-04-08,1699.401
2025-04-09,1699.8545
2025-04-10,1700.1448
2025-04-11,1700.4692
2025-04-12,1700.76
2025-04-13,1701.0505
2025-04-14,1701.3415
2025-04-15,1701.732
2025-04-16,1701.9685
2025-04-17,1702.2425
2025-04-18,1702.5363
2025-04-20,1703.1245
2025-04-21,1703.4555
2025-04-22,1703.7441
2025-04-23,1704.0619
2025-04-24,1704.3381
2025-04-27,1705.1828
2025-04-28,1705.4147
2025-04-29,1705.5925
2025-05-01,1706.2059
2025-05-04,1707.1109
2025-05-05,1707.4368
2025-05-06,1707.7216
2025-05-07,1707.9782
2025-05-08,1708.2225
2025-05-09,1708.4288
2025-05-11,1709.0309
2025-05-12,1709.332
2025-05-13,1709.7338
2025-05-14,1710.0722
2025-05-15,1710.3535
2025-05-18,1711.2968
2025-05-19,1711.6699
2025-05-20,1712.0156
2025-05-21,1712.4264
2025-05-22,1712.7946
2025-05-25,1713.6952
2025-05-26,1714.0579
2025-05-27,1714.3277
2025-05-28,1714.6707
2025-05-29,1714.9544
2025-05-30,1715.2912
2025-05-31,1715.5794
2025-06-01,1715.8676
2025-06-02,1716.2068
2025-06-03,1716.5702
2025-06-04,1716.8434
2025-06-05,1717.1517
2025-06-08,1718.5157
2025-06-09,1718.7877
2025-06-10,1719.0552
2025-06-11,1719.2696
2025-06-12,1719.4836
2025-06-15,1720.2591
2025-06-16,1720.4758
2025-06-17,1720.786
2025-06-18,1721.0318
2025-06-19,1721.3318
2025-06-20,1721.6137
2025-06-21,1721.8836
2025-06-22,1722.1533
2025-06-23,1722.4639
2025-06-24,1722.7595
2025-06-25,1722.9682
2025-06-26,1723.1939
2025-06-29,1723.9432
2025-06-30,1724.4396
2025-07-01,1724.9096
2025-07-02,1725.3252
2025-07-03,1725.7226
2025-07-06,1726.5412
2025-07-07,1726.8668
2025-07-08,1727.122
2025-07-09,1727.314
2025-07-10,1727.5743
2025-07-13,1728.3091
2025-07-14,1728.6322
2025-07-15,1728.8591
2025-07-16,1729.1555
2025-07-17,1729.4329
2025-07-20,1730.2063
2025-07-21,1730.4374
2025-07-22,1730.6979
2025-07-23,1730.9603
2025-07-24,1731.2002
2025-07-27,1731.9633
2025-07-28,1732.2188
2025-07-29,1732.4743
2025-07-30,1732.6732
2025-07-31,1732.9613
2025-08-03,1733.7626
2025-08-04,1734.0399
2025-08-05,1734.3085
2025-08-06,1734.5646
2025-08-07,1734.8335
2025-08-10,1735.6308
2025-08-11,1735.8811
2025-08-12,1736.1771
2025-08-13,1736.4874
2025-08-16,1737.315
2025-08-17,1737.5814
2025-08-18,1737.8615
2025-08-19,1738.1282
2025-08-20,1738.4109
2025-08-21,1738.679
2025-08-24,1739.4798
2025-08-25,1739.7551
2025-08-27,1740.2648
2025-08-28,1740.4918
2025-08-29,1740.7582
2025-08-31,1741.3048
2025-09-01,1741.5795
2025-09-02,1741.8208
2025-09-03,1742.0911
2025-09-04,1742.3653
2025-09-05,1742.6371
2025-09-07,1743.1791
2025-09-08,1743.4505
2025-09-09,1743.6795
2025-09-10,1743.9148
2025-09-11,1744.1834
2025-09-14,1744.9981
2025-09-15,1745.3135
2025-09-16,1745.6946
2025-09-17,1746.0293
2025-09-18,1746.3335
2025-09-21,1747.1699
2025-09-22,1747.3989
2025-09-23,1747.6464
2025-09-24,1747.8927
2025-09-25,1747.9688
2025-09-28,1748.7699
2025-09-30,1749.7856
2025-10-02,1750.4569
2025-10-05,1751.3582
2025-10-06,1751.6712
2025-10-07,1751.9411
2025-10-08,1752.1853
2025-10-09,1752.3898
2025-10-12,1753.1925
2025-10-13,1753.4648
2025-10-14,1753.7279
2025-10-15,1754.0202
2025-10-16,1754.2843
2025-10-19,1755.0871
2025-10-22,1755.9303
2025-10-23,1756.2114
2025-10-26,1757.0319
2025-10-27,1757.2957
2025-10-28,1757.543
2025-10-29,1757.8331
2025-10-30,1758.09
2025-10-31,1758.3817
2025-11-02,1758.9466
2025-11-03,1759.3131
2025-11-05,1759.8774
2025-11-06,1760.1615
2025-11-09,1761.0084
2025-11-10,1761.2909
2025-11-11,1761.5646
2025-11-12,1761.8766
2025-11-13,1762.1824
2025-11-16,1763.0007
2025-11-17,1763.2791
2025-11-18,1763.5838
2025-11-19,1763.8736
2025-11-20,1764.1504
2025-11-23,1764.9897
2025-11-24,1765.2325
2025-11-25,1765.4992
2025-11-26,1765.7892
2025-11-27,1766.0793
2025-11-28,1766.3333
2025-11-30,1766.8922
2025-12-01,1767.1656
2025-12-02,1767.4719
2025-12-03,1767.6961
2025-12-04,1767.9095
2025-12-07,1768.9612
2025-12-08,1769.2024
2025-12-09,1769.4188
2025-12-10,1769.6217
2025-12-11,1769.8823
2025-12-14,1770.7104
2025-12-15,1770.9727
2025-12-16,1771.2056
2025-12-17,1771.5167
2025-12-18,1771.8114
2025-12-21,1772.6782
2025-12-22,1772.9989
2025-12-23,1773.2859
2025-12-25,1773.9026
2025-12-26,1774.1741
2025-12-28,1774.7489
2025-12-29,1774.9896
2025-12-30,1774.9493
2025-12-31,1775.9984
2026-01-01,1776.3187
2026-01-04,1777.1134
2026-01-05,1777.4046
2026-01-06,1777.7162
2026-01-07,1777.7784
2026-01-08,1777.8459
2026-01-11,1778.6523
2026-01-12,1778.932
2026-01-13,1779.134
2026-01-15,1779.6901
2026-01-17,1780.2144
2026-01-18,1780.5101
2026-01-19,1780.5095
2026-01-20,1780.634
2026-01-21,1780.8617
2026-01-22,1781.2532
2026-01-24,1781.7789
2026-01-26,1782.3938
2026-01-27,1782.7371
2026-01-28,1783.0032
2026-01-29,1783.2327
2026-01-30,1783.4776
2026-02-01,1784.1044
2026-02-02,1784.605
2026-02-03,1785.1809
2026-02-04,1785.7311
2026-02-05,1786.0392
2026-02-08,1786.894
2026-02-09,1787.2022
2026-02-10,1787.6155
2026-02-11,1787.9553
2026-02-12,1788.2945
2026-02-14,1788.9562
2026-02-15,1789.2439
2026-02-16,1789.5441
2026-02-17,1789.8528
2026-02-18,1790.1197
2026-02-19,1790.4036
2026-02-21,1791.0298
2026-02-22,1791.3155
2026-02-23,1791.6075
2026-02-24,1791.9098
2026-02-25,1792.1816
2026-02-26,1792.467
2026-02-27,1792.7442
2026-02-28,1793.0375
2026-03-01,1793.3305
2026-03-03,1793.8205
2026-03-04,1794.0732
2026-03-05,1794.3391
2026-03-07,1794.8784
2026-03-08,1795.1894
2026-03-09,1795.4345
2026-03-10,1795.726
2026-03-11,1795.9832
2026-03-12,1796.1424
2026-03-13,1796.3116
2026-03-15,1796.9675
2026-03-16,1797.1418
2026-03-17,1797.5799
2026-03-18,1797.8537
2026-03-19,1798.1895
2026-03-20,1798.4946
2026-03-21,1798.8354
2026-03-22,1799.1765
2026-03-23,1799.1583
2026-03-24,1799.298
2026-03-25,1799.5914
2026-03-26,1799.928
2026-03-27,1800.422
2026-03-28,1800.7824
2026-03-29,1801.1427
2026-03-30,1801.8631
2026-03-31,1802.2483
2026-04-01,1802.6339
2026-04-02,1805.0558
2026-04-03,1805.3986
2026-04-05,1806.0842
2026-04-06,1806.6157
2026-04-07,1807.0551
2026-04-08,1807.7391
2026-04-09,1808.47
2026-04-11,1809.1984
2026-04-12,1809.4844
2026-04-14,1810.3219
2026-04-15,1810.8186
2026-04-16,1811.2191
2026-04-19,1811.9704
2026-04-20,1812.2824
2026-04-21,1812.4841
2026-04-22,1812.6492
2026-04-23,1812.8452
2026-04-26,1813.6523
2026-04-27,1813.687
2026-04-28,1813.8965
2026-04-29,1814.1188
2026-04-30,1814.271
2026-05-02,1814.8768
2026-05-03,1815.1798
2026-05-04,1815.4668
